01:23:57.203 [main] INFO  c.browserstack.BrowserStackJavaAgent - Selenium version detected - 4.16.1
01:23:57.209 [main] INFO  c.browserstack.BrowserStackJavaAgent - Appium version detected - 9.0.0
01:23:57.626 [main] INFO  c.browserstack.utils.UtilityMethods - BrowserStack Yml Detected : /Users/siddhirao/Projects2024/smartTV/smart_tv_appium/browserstack.yml
01:23:57.698 [main] INFO  c.b.config.BrowserStackConfig - Detected Framework testng
01:23:58.278 [main] INFO  c.browserstack.BrowserStackJavaAgent - Using app: [bs://dc9ea895eb05114744edb24f2639b6b6057a35bf]
01:23:58.279 [main] INFO  c.browserstack.BrowserStackJavaAgent - Framework set to testng
01:24:10.100 [Thread-0] INFO  c.browserstack.utils.LogReportingAPI - Visit https://observability.browserstack.com/builds/y8nqkvqhhabjykp7itys1kcfmmev9lsgdsuwkdh5 to view build report, insights, and many more debugging information all at one place!

01:24:10.653 [Thread-0] INFO  c.browserstack.utils.UtilityMethods - View build on BrowserStack dashboard: https://app-automate.browserstack.com/dashboard/v2/builds/30de505674198b326eb14f838e3621892bcf2798
01:24:10.654 [Thread-0] INFO  c.b.config.BrowserStackConfig - INFO
01:28:07.856 [main] INFO  c.browserstack.BrowserStackJavaAgent - Selenium version detected - 4.16.1
01:28:07.861 [main] INFO  c.browserstack.BrowserStackJavaAgent - Appium version detected - 9.0.0
01:28:08.080 [main] INFO  c.browserstack.utils.UtilityMethods - BrowserStack Yml Detected : /Users/siddhirao/Projects2024/smartTV/smart_tv_appium/browserstack.yml
01:28:08.144 [main] INFO  c.b.config.BrowserStackConfig - Detected Framework testng
01:28:08.602 [main] INFO  c.browserstack.BrowserStackJavaAgent - Using app: [bs://dc9ea895eb05114744edb24f2639b6b6057a35bf]
01:28:08.602 [main] INFO  c.browserstack.BrowserStackJavaAgent - Framework set to testng
01:28:18.177 [Thread-0] INFO  c.browserstack.utils.LogReportingAPI - Visit https://observability.browserstack.com/builds/t9reg1bxtnyhanyfczvcyxjurxtjhyznmjexrn1c to view build report, insights, and many more debugging information all at one place!

01:28:18.730 [Thread-0] INFO  c.browserstack.utils.UtilityMethods - View build on BrowserStack dashboard: https://app-automate.browserstack.com/dashboard/v2/builds/30de505674198b326eb14f838e3621892bcf2798
01:28:18.732 [Thread-0] INFO  c.b.config.BrowserStackConfig - INFO
01:29:05.085 [main] INFO  c.browserstack.BrowserStackJavaAgent - Selenium version detected - 4.16.1
01:29:05.089 [main] INFO  c.browserstack.BrowserStackJavaAgent - Appium version detected - 9.0.0
01:29:05.312 [main] INFO  c.browserstack.utils.UtilityMethods - BrowserStack Yml Detected : /Users/siddhirao/Projects2024/smartTV/smart_tv_appium/browserstack.yml
01:29:05.376 [main] INFO  c.b.config.BrowserStackConfig - Detected Framework testng
01:29:05.812 [main] INFO  c.browserstack.BrowserStackJavaAgent - Using app: [bs://dc9ea895eb05114744edb24f2639b6b6057a35bf]
01:29:05.813 [main] INFO  c.browserstack.BrowserStackJavaAgent - Framework set to testng
01:29:16.363 [Thread-0] INFO  c.browserstack.utils.LogReportingAPI - Visit https://observability.browserstack.com/builds/dddujta6zhm59vezwvtj5uaayq2wsnpvvkgffw4f to view build report, insights, and many more debugging information all at one place!

01:29:16.831 [Thread-0] INFO  c.browserstack.utils.UtilityMethods - View build on BrowserStack dashboard: https://app-automate.browserstack.com/dashboard/v2/builds/30de505674198b326eb14f838e3621892bcf2798
01:29:16.831 [Thread-0] INFO  c.b.config.BrowserStackConfig - INFO
01:30:26.745 [main] INFO  c.browserstack.BrowserStackJavaAgent - Selenium version detected - 4.16.1
01:30:26.751 [main] INFO  c.browserstack.BrowserStackJavaAgent - Appium version detected - 9.0.0
01:30:26.947 [main] INFO  c.browserstack.utils.UtilityMethods - BrowserStack Yml Detected : /Users/siddhirao/Projects2024/smartTV/smart_tv_appium/browserstack.yml
01:30:27.014 [main] INFO  c.b.config.BrowserStackConfig - Detected Framework testng
01:30:27.445 [main] INFO  c.browserstack.BrowserStackJavaAgent - Using app: [bs://dc9ea895eb05114744edb24f2639b6b6057a35bf]
01:30:27.445 [main] INFO  c.browserstack.BrowserStackJavaAgent - Framework set to testng
01:30:38.693 [Thread-0] INFO  c.browserstack.utils.LogReportingAPI - Visit https://observability.browserstack.com/builds/5zjwliu1hkstmt4o8fqisebsj4jhy6knxtp6wilg to view build report, insights, and many more debugging information all at one place!

01:30:40.134 [Thread-0] INFO  c.browserstack.utils.UtilityMethods - View build on BrowserStack dashboard: https://app-automate.browserstack.com/dashboard/v2/builds/30de505674198b326eb14f838e3621892bcf2798
01:30:40.135 [Thread-0] INFO  c.b.config.BrowserStackConfig - INFO
17:39:44.753 [main] INFO  c.browserstack.BrowserStackJavaAgent - Selenium version detected - 4.16.1
17:39:44.758 [main] INFO  c.browserstack.BrowserStackJavaAgent - Appium version detected - 9.0.0
17:39:44.984 [main] INFO  c.browserstack.utils.UtilityMethods - BrowserStack Yml Detected : /Users/siddhirao/Projects2024/smartTV/smart_tv_appium/browserstack.yml
17:39:45.057 [main] INFO  c.b.config.BrowserStackConfig - Detected Framework testng
17:39:45.560 [main] INFO  c.browserstack.BrowserStackJavaAgent - Using app: [bs://dc9ea895eb05114744edb24f2639b6b6057a35bf]
17:39:45.561 [main] INFO  c.browserstack.BrowserStackJavaAgent - Framework set to testng
17:39:59.470 [Thread-0] INFO  c.browserstack.utils.LogReportingAPI - Visit https://observability.browserstack.com/builds/ekt5bwfloevwpzmdkik6mervzduu63weqev78uxo to view build report, insights, and many more debugging information all at one place!

17:40:00.346 [Thread-0] INFO  c.browserstack.utils.UtilityMethods - View build on BrowserStack dashboard: https://app-automate.browserstack.com/dashboard/v2/builds/30de505674198b326eb14f838e3621892bcf2798
17:40:00.417 [Thread-0] INFO  c.b.config.BrowserStackConfig - INFO
17:46:05.880 [main] INFO  c.browserstack.BrowserStackJavaAgent - Selenium version detected - 4.16.1
17:46:05.884 [main] INFO  c.browserstack.BrowserStackJavaAgent - Appium version detected - 9.0.0
17:46:06.081 [main] INFO  c.browserstack.utils.UtilityMethods - BrowserStack Yml Detected : /Users/siddhirao/Projects2024/smartTV/smart_tv_appium/browserstack.yml
17:46:06.154 [main] INFO  c.b.config.BrowserStackConfig - Detected Framework testng
17:46:06.173 [main] INFO  c.b.config.BrowserStackConfig - Setting value of browserstackAutomation as specified in your browserstack.yml to false
17:46:13.162 [Thread-0] INFO  c.browserstack.utils.LogReportingAPI - Visit https://observability.browserstack.com/builds/mcaaiyjzskvlbjjephlplt6sjympv9b2nfgaditv to view build report, insights, and many more debugging information all at one place!

17:47:49.396 [main] INFO  c.browserstack.BrowserStackJavaAgent - Selenium version detected - 4.16.1
17:47:49.401 [main] INFO  c.browserstack.BrowserStackJavaAgent - Appium version detected - 9.0.0
17:47:49.599 [main] INFO  c.browserstack.utils.UtilityMethods - BrowserStack Yml Detected : /Users/siddhirao/Projects2024/smartTV/smart_tv_appium/browserstack.yml
17:47:49.665 [main] INFO  c.b.config.BrowserStackConfig - Detected Framework testng
17:47:49.688 [main] INFO  c.b.config.BrowserStackConfig - Setting value of browserstackAutomation as specified in your browserstack.yml to false
17:47:56.724 [Thread-0] INFO  c.browserstack.utils.LogReportingAPI - Visit https://observability.browserstack.com/builds/s86mjuvyooa0l5hr5ah36b4vuqm1fjrhlrhrpgix to view build report, insights, and many more debugging information all at one place!

17:48:28.709 [main] INFO  c.browserstack.BrowserStackJavaAgent - Selenium version detected - 4.16.1
17:48:28.713 [main] INFO  c.browserstack.BrowserStackJavaAgent - Appium version detected - 9.0.0
17:48:28.922 [main] INFO  c.browserstack.utils.UtilityMethods - BrowserStack Yml Detected : /Users/siddhirao/Projects2024/smartTV/smart_tv_appium/browserstack.yml
17:48:28.985 [main] INFO  c.b.config.BrowserStackConfig - Detected Framework testng
17:48:29.001 [main] WARN  c.b.config.BrowserStackConfig - parallelsPerPlatform was ignored as platforms object was not defined
17:48:29.001 [main] INFO  c.b.config.BrowserStackConfig - Setting value of browserstackAutomation as specified in your browserstack.yml to false
17:48:35.677 [Thread-0] INFO  c.browserstack.utils.LogReportingAPI - Visit https://observability.browserstack.com/builds/lynwcunfwqkjtrp1rdksys1jlc8lh91dyr5bnl4q to view build report, insights, and many more debugging information all at one place!

17:48:57.708 [main] INFO  c.browserstack.BrowserStackJavaAgent - Selenium version detected - 4.16.1
17:48:57.714 [main] INFO  c.browserstack.BrowserStackJavaAgent - Appium version detected - 9.0.0
17:48:57.930 [main] INFO  c.browserstack.utils.UtilityMethods - BrowserStack Yml Detected : /browserstack.yml
17:48:57.930 [main] ERROR c.b.config.BrowserStackConfig - [Invalid Path] Config file does not exist at any parent directory of /Users/siddhirao/Projects2024/smartTV/smart_tv_appium. Please include a browserstack.yml/browserstack.yaml file containing configuration for tests.
17:48:57.931 [main] ERROR c.browserstack.BrowserStackJavaAgent - Something went wrong - java.lang.RuntimeException: [Invalid Path] Config file does not exist at any parent directory of /Users/siddhirao/Projects2024/smartTV/smart_tv_appium. Please include a browserstack.yml/browserstack.yaml file containing configuration for tests.
	at com.browserstack.config.BrowserStackConfig.getInstance(Unknown Source)
	at com.browserstack.BrowserStackJavaAgent.b(Unknown Source)
	at com.browserstack.BrowserStackJavaAgent.a(Unknown Source)
	at com.browserstack.BrowserStackJavaAgent.premain(Unknown Source)
	at java.base/jdk.internal.reflect.NativeMethodAccessorImpl.invoke0(Native Method)
	at java.base/jdk.internal.reflect.NativeMethodAccessorImpl.invoke(NativeMethodAccessorImpl.java:78)
	at java.base/jdk.internal.reflect.DelegatingMethodAccessorImpl.invoke(DelegatingMethodAccessorImpl.java:43)
	at java.base/java.lang.reflect.Method.invoke(Method.java:567)
	at java.instrument/sun.instrument.InstrumentationImpl.loadClassAndStartAgent(InstrumentationImpl.java:515)
	at java.instrument/sun.instrument.InstrumentationImpl.loadClassAndCallPremain(InstrumentationImpl.java:527)

17:49:55.479 [main] INFO  c.browserstack.BrowserStackJavaAgent - Selenium version detected - 4.16.1
17:49:55.483 [main] INFO  c.browserstack.BrowserStackJavaAgent - Appium version detected - 9.0.0
17:49:55.683 [main] INFO  c.browserstack.utils.UtilityMethods - BrowserStack Yml Detected : /browserstack.yml
17:49:55.683 [main] ERROR c.b.config.BrowserStackConfig - [Invalid Path] Config file does not exist at any parent directory of /Users/siddhirao/Projects2024/smartTV/smart_tv_appium. Please include a browserstack.yml/browserstack.yaml file containing configuration for tests.
17:49:55.684 [main] ERROR c.browserstack.BrowserStackJavaAgent - Something went wrong - java.lang.RuntimeException: [Invalid Path] Config file does not exist at any parent directory of /Users/siddhirao/Projects2024/smartTV/smart_tv_appium. Please include a browserstack.yml/browserstack.yaml file containing configuration for tests.
	at com.browserstack.config.BrowserStackConfig.getInstance(Unknown Source)
	at com.browserstack.BrowserStackJavaAgent.b(Unknown Source)
	at com.browserstack.BrowserStackJavaAgent.a(Unknown Source)
	at com.browserstack.BrowserStackJavaAgent.premain(Unknown Source)
	at java.base/jdk.internal.reflect.NativeMethodAccessorImpl.invoke0(Native Method)
	at java.base/jdk.internal.reflect.NativeMethodAccessorImpl.invoke(NativeMethodAccessorImpl.java:78)
	at java.base/jdk.internal.reflect.DelegatingMethodAccessorImpl.invoke(DelegatingMethodAccessorImpl.java:43)
	at java.base/java.lang.reflect.Method.invoke(Method.java:567)
	at java.instrument/sun.instrument.InstrumentationImpl.loadClassAndStartAgent(InstrumentationImpl.java:515)
	at java.instrument/sun.instrument.InstrumentationImpl.loadClassAndCallPremain(InstrumentationImpl.java:527)

17:54:11.346 [main] INFO  c.browserstack.BrowserStackJavaAgent - Selenium version detected - 4.16.1
17:54:11.351 [main] INFO  c.browserstack.BrowserStackJavaAgent - Appium version detected - 9.0.0
17:54:11.555 [main] INFO  c.browserstack.utils.UtilityMethods - BrowserStack Yml Detected : /Users/siddhirao/Projects2024/smartTV/smart_tv_appium/browserstack.yml
17:54:11.625 [main] INFO  c.b.config.BrowserStackConfig - Detected Framework testng
17:54:12.056 [main] INFO  c.browserstack.BrowserStackJavaAgent - Using app: [bs://dc9ea895eb05114744edb24f2639b6b6057a35bf]
17:54:12.057 [main] INFO  c.browserstack.BrowserStackJavaAgent - Framework set to testng
17:54:23.165 [Thread-0] INFO  c.browserstack.utils.LogReportingAPI - Visit https://observability.browserstack.com/builds/sr4heivtm2lrpcmovqeq86ichf9zlidbabst3dn3 to view build report, insights, and many more debugging information all at one place!

17:54:23.861 [Thread-0] INFO  c.browserstack.utils.UtilityMethods - View build on BrowserStack dashboard: https://app-automate.browserstack.com/dashboard/v2/builds/30de505674198b326eb14f838e3621892bcf2798
17:54:23.862 [Thread-0] INFO  c.b.config.BrowserStackConfig - INFO
17:55:28.737 [main] INFO  c.browserstack.BrowserStackJavaAgent - Selenium version detected - 4.16.1
17:55:28.741 [main] INFO  c.browserstack.BrowserStackJavaAgent - Appium version detected - 9.0.0
17:55:28.941 [main] INFO  c.browserstack.utils.UtilityMethods - BrowserStack Yml Detected : /Users/siddhirao/Projects2024/smartTV/smart_tv_appium/browserstack.yml
17:55:29.010 [main] INFO  c.b.config.BrowserStackConfig - Detected Framework testng
17:55:29.424 [main] INFO  c.browserstack.BrowserStackJavaAgent - Using app: [bs://7ab92e9b197c01aaeae439d72bc64ffb0e41c5bc]
17:55:29.424 [main] INFO  c.browserstack.BrowserStackJavaAgent - Framework set to testng
17:55:40.491 [Thread-0] INFO  c.browserstack.utils.LogReportingAPI - Visit https://observability.browserstack.com/builds/gapghbbnucg7tyakwzzhq6lgao9dbmjyexy5hmjg to view build report, insights, and many more debugging information all at one place!

17:55:40.986 [Thread-0] INFO  c.browserstack.utils.UtilityMethods - View build on BrowserStack dashboard: https://app-automate.browserstack.com/dashboard/v2/builds/30de505674198b326eb14f838e3621892bcf2798
17:55:40.987 [Thread-0] INFO  c.b.config.BrowserStackConfig - INFO
21:44:04.312 [main] INFO  c.browserstack.BrowserStackJavaAgent - Selenium version detected - 4.16.1
21:44:04.316 [main] INFO  c.browserstack.BrowserStackJavaAgent - Appium version detected - 9.0.0
21:44:04.529 [main] INFO  c.browserstack.utils.UtilityMethods - BrowserStack Yml Detected : /Users/siddhirao/Projects2024/smartTV/smart_tv_appium/browserstack.yml
21:44:04.598 [main] INFO  c.b.config.BrowserStackConfig - Detected Framework testng
21:44:05.067 [main] INFO  c.browserstack.BrowserStackJavaAgent - Using app: [bs://7ab92e9b197c01aaeae439d72bc64ffb0e41c5bc]
21:44:05.067 [main] INFO  c.browserstack.BrowserStackJavaAgent - Framework set to testng
21:44:17.397 [Thread-0] INFO  c.browserstack.utils.LogReportingAPI - Visit https://observability.browserstack.com/builds/msevdblf5fekr2exqehgxjlljl3fxcpwbzceec1h to view build report, insights, and many more debugging information all at one place!

21:44:18.017 [Thread-0] INFO  c.browserstack.utils.UtilityMethods - View build on BrowserStack dashboard: https://app-automate.browserstack.com/dashboard/v2/builds/30de505674198b326eb14f838e3621892bcf2798
21:44:18.018 [Thread-0] INFO  c.b.config.BrowserStackConfig - INFO
21:45:26.573 [main] INFO  c.browserstack.BrowserStackJavaAgent - Selenium version detected - 4.16.1
21:45:26.577 [main] INFO  c.browserstack.BrowserStackJavaAgent - Appium version detected - 9.0.0
21:45:26.824 [main] INFO  c.browserstack.utils.UtilityMethods - BrowserStack Yml Detected : /Users/siddhirao/Projects2024/smartTV/smart_tv_appium/browserstack.yml
21:45:26.895 [main] INFO  c.b.config.BrowserStackConfig - Detected Framework testng
21:45:27.321 [main] INFO  c.browserstack.BrowserStackJavaAgent - Using app: [bs://7ab92e9b197c01aaeae439d72bc64ffb0e41c5bc]
21:45:27.321 [main] INFO  c.browserstack.BrowserStackJavaAgent - Framework set to testng
21:45:42.155 [Thread-0] INFO  c.browserstack.utils.LogReportingAPI - Visit https://observability.browserstack.com/builds/uzphzyfgxienfgyv1redka01fyovid1gxlvywqou to view build report, insights, and many more debugging information all at one place!

21:45:42.719 [Thread-0] INFO  c.browserstack.utils.UtilityMethods - View build on BrowserStack dashboard: https://app-automate.browserstack.com/dashboard/v2/builds/30de505674198b326eb14f838e3621892bcf2798
21:45:42.721 [Thread-0] INFO  c.b.config.BrowserStackConfig - INFO
21:48:40.989 [main] INFO  c.browserstack.BrowserStackJavaAgent - Selenium version detected - 4.16.1
21:48:40.994 [main] INFO  c.browserstack.BrowserStackJavaAgent - Appium version detected - 9.0.0
21:48:41.245 [main] INFO  c.browserstack.utils.UtilityMethods - BrowserStack Yml Detected : /Users/siddhirao/Projects2024/smartTV/smart_tv_appium/browserstack.yml
21:48:41.340 [main] INFO  c.b.config.BrowserStackConfig - Detected Framework testng
21:48:42.358 [main] INFO  c.browserstack.BrowserStackJavaAgent - Using app: [bs://7ab92e9b197c01aaeae439d72bc64ffb0e41c5bc]
21:48:42.359 [main] INFO  c.browserstack.BrowserStackJavaAgent - Framework set to testng
21:48:57.644 [Thread-0] INFO  c.browserstack.utils.LogReportingAPI - Visit https://observability.browserstack.com/builds/ke2d17few4eawcqq7rtcu8frfpnjplzk0mldjlsa to view build report, insights, and many more debugging information all at one place!

21:48:58.291 [Thread-0] INFO  c.browserstack.utils.UtilityMethods - View build on BrowserStack dashboard: https://app-automate.browserstack.com/dashboard/v2/builds/30de505674198b326eb14f838e3621892bcf2798
21:48:58.291 [Thread-0] INFO  c.b.config.BrowserStackConfig - INFO
21:50:28.541 [main] INFO  c.browserstack.BrowserStackJavaAgent - Selenium version detected - 4.16.1
21:50:28.550 [main] INFO  c.browserstack.BrowserStackJavaAgent - Appium version detected - 9.0.0
21:50:29.135 [main] INFO  c.browserstack.utils.UtilityMethods - BrowserStack Yml Detected : /Users/siddhirao/Projects2024/smartTV/smart_tv_appium/browserstack.yml
21:50:29.213 [main] INFO  c.b.config.BrowserStackConfig - Detected Framework testng
21:50:29.632 [main] INFO  c.browserstack.BrowserStackJavaAgent - Using app: [bs://7ab92e9b197c01aaeae439d72bc64ffb0e41c5bc]
21:50:29.632 [main] INFO  c.browserstack.BrowserStackJavaAgent - Framework set to testng
21:50:40.886 [Thread-0] INFO  c.browserstack.utils.LogReportingAPI - Visit https://observability.browserstack.com/builds/k1yiahmelm4ba4fyr5lyfqbovtocv0tqnclu4wwd to view build report, insights, and many more debugging information all at one place!

21:50:41.613 [Thread-0] INFO  c.browserstack.utils.UtilityMethods - View build on BrowserStack dashboard: https://app-automate.browserstack.com/dashboard/v2/builds/30de505674198b326eb14f838e3621892bcf2798
21:50:41.614 [Thread-0] INFO  c.b.config.BrowserStackConfig - INFO
21:51:06.502 [main] INFO  c.browserstack.BrowserStackJavaAgent - Selenium version detected - 4.16.1
21:51:06.508 [main] INFO  c.browserstack.BrowserStackJavaAgent - Appium version detected - 9.0.0
21:51:06.730 [main] INFO  c.browserstack.utils.UtilityMethods - BrowserStack Yml Detected : /Users/siddhirao/Projects2024/smartTV/smart_tv_appium/browserstack.yml
21:51:06.795 [main] INFO  c.b.config.BrowserStackConfig - Detected Framework testng
21:51:07.208 [main] INFO  c.browserstack.BrowserStackJavaAgent - Framework set to testng
21:51:20.351 [Thread-0] INFO  c.browserstack.utils.LogReportingAPI - Visit https://observability.browserstack.com/builds/cvzebsv7giciwrxcpz1meol21gfkykrwzxs3zdcq to view build report, insights, and many more debugging information all at one place!

21:51:20.741 [Thread-0] INFO  c.browserstack.utils.UtilityMethods - View build on BrowserStack dashboard: https://automate.browserstack.com/dashboard/v2/builds/c096eb261b938e1a0231bd15787ec2d86268867b
21:51:20.742 [Thread-0] INFO  c.b.config.BrowserStackConfig - INFO
21:52:37.587 [main] INFO  c.browserstack.BrowserStackJavaAgent - Selenium version detected - 4.16.1
21:52:37.593 [main] INFO  c.browserstack.BrowserStackJavaAgent - Appium version detected - 9.0.0
21:52:37.806 [main] INFO  c.browserstack.utils.UtilityMethods - BrowserStack Yml Detected : /Users/siddhirao/Projects2024/smartTV/smart_tv_appium/browserstack.yml
21:52:37.889 [main] INFO  c.b.config.BrowserStackConfig - Detected Framework testng
21:52:37.910 [main] INFO  c.b.config.BrowserStackConfig - Setting value of browserstackAutomation as specified in your browserstack.yml to false
21:54:27.524 [Thread-0] INFO  c.browserstack.utils.LogReportingAPI - Visit https://observability.browserstack.com/builds/j6pz0ncxdzlb2fmvw8aqhotjmnmlskujqckglbkd to view build report, insights, and many more debugging information all at one place!

22:06:49.373 [main] INFO  c.browserstack.BrowserStackJavaAgent - Selenium version detected - 4.16.1
22:06:49.378 [main] INFO  c.browserstack.BrowserStackJavaAgent - Appium version detected - 9.0.0
22:06:49.576 [main] INFO  c.browserstack.utils.UtilityMethods - BrowserStack Yml Detected : /Users/siddhirao/Projects2024/smartTV/smart_tv_appium/browserstack.yml
22:06:49.653 [main] INFO  c.b.config.BrowserStackConfig - Detected Framework testng
22:06:50.079 [main] INFO  c.browserstack.BrowserStackJavaAgent - Using app: [bs://7ab92e9b197c01aaeae439d72bc64ffb0e41c5bc]
22:06:50.079 [main] INFO  c.browserstack.BrowserStackJavaAgent - Framework set to testng
22:07:01.553 [Thread-0] INFO  c.browserstack.utils.LogReportingAPI - Visit https://observability.browserstack.com/builds/ej4ttwmgrpsvcjct4rjx4dqg4acctjw0xb3i01cc to view build report, insights, and many more debugging information all at one place!

22:07:02.089 [Thread-0] INFO  c.browserstack.utils.UtilityMethods - View build on BrowserStack dashboard: https://app-automate.browserstack.com/dashboard/v2/builds/30de505674198b326eb14f838e3621892bcf2798
22:07:02.090 [Thread-0] INFO  c.b.config.BrowserStackConfig - INFO
22:23:23.221 [main] INFO  c.browserstack.BrowserStackJavaAgent - Selenium version detected - 4.16.1
22:23:23.226 [main] INFO  c.browserstack.BrowserStackJavaAgent - Appium version detected - 9.0.0
22:23:23.433 [main] INFO  c.browserstack.utils.UtilityMethods - BrowserStack Yml Detected : /Users/siddhirao/Projects2024/smartTV/smart_tv_appium/browserstack.yml
22:23:23.501 [main] INFO  c.b.config.BrowserStackConfig - Detected Framework testng
22:23:23.927 [main] INFO  c.browserstack.BrowserStackJavaAgent - Using app: [bs://7ab92e9b197c01aaeae439d72bc64ffb0e41c5bc]
22:23:23.927 [main] INFO  c.browserstack.BrowserStackJavaAgent - Framework set to testng
22:25:09.434 [Thread-0] INFO  c.browserstack.utils.LogReportingAPI - Visit https://observability.browserstack.com/builds/fkkmfa2hv23e1nxvz49soaw0pzouxra0ch2rhlys to view build report, insights, and many more debugging information all at one place!

22:25:09.946 [Thread-0] INFO  c.browserstack.utils.UtilityMethods - View build on BrowserStack dashboard: https://app-automate.browserstack.com/dashboard/v2/builds/cae789a3d9b894ced0b3b027d8e4a645efdd917e
22:25:09.947 [Thread-0] INFO  c.b.config.BrowserStackConfig - INFO
00:07:25.937 [main] INFO  c.browserstack.BrowserStackJavaAgent - Selenium version detected - 4.16.1
00:07:25.942 [main] INFO  c.browserstack.BrowserStackJavaAgent - Appium version detected - 9.0.0
00:07:26.143 [main] INFO  c.browserstack.utils.UtilityMethods - BrowserStack Yml Detected : /Users/siddhirao/Projects2024/smartTV/smart_tv_appium/browserstack.yml
00:07:26.214 [main] INFO  c.b.config.BrowserStackConfig - Detected Framework testng
00:07:26.600 [main] INFO  c.browserstack.BrowserStackJavaAgent - Using app: [bs://7ab92e9b197c01aaeae439d72bc64ffb0e41c5bc]
00:07:26.600 [main] INFO  c.browserstack.BrowserStackJavaAgent - Framework set to testng
00:08:17.323 [Thread-0] INFO  c.browserstack.utils.LogReportingAPI - Visit https://observability.browserstack.com/builds/qml1eu70r7izvhouvccowgpehotxeslr1ohjiucg to view build report, insights, and many more debugging information all at one place!

00:08:18.951 [Thread-0] INFO  c.browserstack.utils.UtilityMethods - View build on BrowserStack dashboard: https://app-automate.browserstack.com/dashboard/v2/builds/cae789a3d9b894ced0b3b027d8e4a645efdd917e
00:08:18.953 [Thread-0] INFO  c.b.config.BrowserStackConfig - INFO
13:43:53.145 [main] INFO  c.browserstack.BrowserStackJavaAgent - Selenium version detected - 4.16.1
13:43:53.153 [main] INFO  c.browserstack.BrowserStackJavaAgent - Appium version detected - 9.0.0
13:43:53.387 [main] INFO  c.browserstack.utils.UtilityMethods - BrowserStack Yml Detected : /Users/siddhirao/Projects2024/smartTV/smart_tv_appium/browserstack.yml
13:43:53.455 [main] INFO  c.b.config.BrowserStackConfig - Detected Framework testng
13:43:54.030 [main] INFO  c.browserstack.BrowserStackJavaAgent - Using app: [bs://7ab92e9b197c01aaeae439d72bc64ffb0e41c5bc]
13:43:54.031 [main] INFO  c.browserstack.BrowserStackJavaAgent - Framework set to testng
13:47:18.134 [Thread-0] INFO  c.browserstack.utils.LogReportingAPI - Visit https://observability.browserstack.com/builds/hnjcv37kmlqkzah55z1burq40tnaflcvha1fwogq to view build report, insights, and many more debugging information all at one place!

13:47:18.655 [Thread-0] INFO  c.browserstack.utils.UtilityMethods - View build on BrowserStack dashboard: https://app-automate.browserstack.com/dashboard/v2/builds/cae789a3d9b894ced0b3b027d8e4a645efdd917e
13:47:18.656 [Thread-0] INFO  c.b.config.BrowserStackConfig - INFO
13:52:03.292 [main] INFO  c.browserstack.BrowserStackJavaAgent - Selenium version detected - 4.16.1
13:52:03.296 [main] INFO  c.browserstack.BrowserStackJavaAgent - Appium version detected - 9.0.0
13:52:03.502 [main] INFO  c.browserstack.utils.UtilityMethods - BrowserStack Yml Detected : /Users/siddhirao/Projects2024/smartTV/smart_tv_appium/browserstack.yml
13:52:03.569 [main] INFO  c.b.config.BrowserStackConfig - Detected Framework testng
13:52:04.000 [main] INFO  c.browserstack.BrowserStackJavaAgent - Using app: [bs://7ab92e9b197c01aaeae439d72bc64ffb0e41c5bc]
13:52:04.000 [main] INFO  c.browserstack.BrowserStackJavaAgent - Framework set to testng
13:52:15.723 [Thread-0] INFO  c.browserstack.utils.LogReportingAPI - Visit https://observability.browserstack.com/builds/ohj77qaizlmq02lgbbw4biiiim5hlfzo1aejbyih to view build report, insights, and many more debugging information all at one place!

13:52:16.325 [Thread-0] INFO  c.browserstack.utils.UtilityMethods - View build on BrowserStack dashboard: https://app-automate.browserstack.com/dashboard/v2/builds/cae789a3d9b894ced0b3b027d8e4a645efdd917e
13:52:16.326 [Thread-0] INFO  c.b.config.BrowserStackConfig - INFO
13:53:37.461 [main] INFO  c.browserstack.BrowserStackJavaAgent - Selenium version detected - 4.16.1
13:53:37.468 [main] INFO  c.browserstack.BrowserStackJavaAgent - Appium version detected - 9.0.0
13:53:37.695 [main] INFO  c.browserstack.utils.UtilityMethods - BrowserStack Yml Detected : /Users/siddhirao/Projects2024/smartTV/smart_tv_appium/browserstack.yml
13:53:37.762 [main] INFO  c.b.config.BrowserStackConfig - Detected Framework testng
13:53:38.176 [main] INFO  c.browserstack.BrowserStackJavaAgent - Using app: [bs://7ab92e9b197c01aaeae439d72bc64ffb0e41c5bc]
13:53:38.177 [main] INFO  c.browserstack.BrowserStackJavaAgent - Framework set to testng
14:02:00.830 [Thread-0] INFO  c.browserstack.utils.LogReportingAPI - Visit https://observability.browserstack.com/builds/rz7vfmmoijifgtmqcztomc6wariv9mcnyin6o1pv to view build report, insights, and many more debugging information all at one place!

14:02:01.450 [Thread-0] INFO  c.browserstack.utils.UtilityMethods - View build on BrowserStack dashboard: https://app-automate.browserstack.com/dashboard/v2/builds/cae789a3d9b894ced0b3b027d8e4a645efdd917e
14:02:01.451 [Thread-0] INFO  c.b.config.BrowserStackConfig - INFO
14:04:05.348 [main] INFO  c.browserstack.BrowserStackJavaAgent - Selenium version detected - 4.16.1
14:04:05.356 [main] INFO  c.browserstack.BrowserStackJavaAgent - Appium version detected - 9.0.0
14:04:05.552 [main] INFO  c.browserstack.utils.UtilityMethods - BrowserStack Yml Detected : /Users/siddhirao/Projects2024/smartTV/smart_tv_appium/browserstack.yml
14:04:05.629 [main] INFO  c.b.config.BrowserStackConfig - Detected Framework testng
14:04:06.436 [main] INFO  c.browserstack.BrowserStackJavaAgent - Using app: [bs://7ab92e9b197c01aaeae439d72bc64ffb0e41c5bc]
14:04:06.437 [main] INFO  c.browserstack.BrowserStackJavaAgent - Framework set to testng
14:10:44.668 [Thread-0] INFO  c.browserstack.utils.LogReportingAPI - Visit https://observability.browserstack.com/builds/euuc6uqnwynsojvemna4lnfi419mmqsw9ki4nagt to view build report, insights, and many more debugging information all at one place!

14:10:46.039 [Thread-0] INFO  c.browserstack.utils.UtilityMethods - View build on BrowserStack dashboard: https://app-automate.browserstack.com/dashboard/v2/builds/cae789a3d9b894ced0b3b027d8e4a645efdd917e
14:10:46.040 [Thread-0] INFO  c.b.config.BrowserStackConfig - INFO
17:54:28.734 [main] INFO  c.browserstack.BrowserStackJavaAgent - Selenium version detected - 4.16.1
17:54:28.740 [main] INFO  c.browserstack.BrowserStackJavaAgent - Appium version detected - 9.0.0
17:54:28.952 [main] INFO  c.browserstack.utils.UtilityMethods - BrowserStack Yml Detected : /Users/siddhirao/Projects2024/smartTV/smart_tv_appium/browserstack.yml
17:54:29.013 [main] INFO  c.b.config.BrowserStackConfig - Detected Framework testng
17:54:29.451 [main] INFO  c.browserstack.BrowserStackJavaAgent - Using app: [bs://7ab92e9b197c01aaeae439d72bc64ffb0e41c5bc]
17:54:29.451 [main] INFO  c.browserstack.BrowserStackJavaAgent - Framework set to testng
17:57:29.431 [Thread-0] INFO  c.browserstack.utils.LogReportingAPI - Visit https://observability.browserstack.com/builds/0ep67crmbhry2omb7ynyml6q7ozfynozogmbwdia to view build report, insights, and many more debugging information all at one place!

17:57:30.027 [Thread-0] INFO  c.browserstack.utils.UtilityMethods - View build on BrowserStack dashboard: https://app-automate.browserstack.com/dashboard/v2/builds/cae789a3d9b894ced0b3b027d8e4a645efdd917e
17:57:30.028 [Thread-0] INFO  c.b.config.BrowserStackConfig - INFO
18:03:33.225 [main] INFO  c.browserstack.BrowserStackJavaAgent - Selenium version detected - 4.16.1
18:03:33.232 [main] INFO  c.browserstack.BrowserStackJavaAgent - Appium version detected - 9.0.0
18:03:33.438 [main] INFO  c.browserstack.utils.UtilityMethods - BrowserStack Yml Detected : /Users/siddhirao/Projects2024/smartTV/smart_tv_appium/browserstack.yml
18:03:33.507 [main] INFO  c.b.config.BrowserStackConfig - Detected Framework testng
18:03:34.003 [main] INFO  c.browserstack.BrowserStackJavaAgent - Using app: [bs://7ab92e9b197c01aaeae439d72bc64ffb0e41c5bc]
18:03:34.003 [main] INFO  c.browserstack.BrowserStackJavaAgent - Framework set to testng
18:04:30.576 [Thread-0] INFO  c.browserstack.utils.LogReportingAPI - Visit https://observability.browserstack.com/builds/bo8dzweli0egqmnvdtutpjwxy1yujtiy6cxq9c6f to view build report, insights, and many more debugging information all at one place!

18:04:31.312 [Thread-0] INFO  c.browserstack.utils.UtilityMethods - View build on BrowserStack dashboard: https://app-automate.browserstack.com/dashboard/v2/builds/cae789a3d9b894ced0b3b027d8e4a645efdd917e
18:04:31.314 [Thread-0] INFO  c.b.config.BrowserStackConfig - INFO
16:52:20.027 [main] INFO  c.browserstack.BrowserStackJavaAgent - Selenium version detected - 4.16.1
16:52:20.032 [main] INFO  c.browserstack.BrowserStackJavaAgent - Appium version detected - 9.0.0
16:52:20.228 [main] DEBUG c.b.config.BrowserStackConfig - Cli Config passed - {basedir=/Users/siddhirao/Projects2024/smartTV/browserstack-example-smartTV-appium-java, user.dir=/Users/siddhirao/Projects2024/smartTV/browserstack-example-smartTV-appium-java, localrepository=/Users/siddhirao/.m2/repository}
16:52:20.230 [main] INFO  c.browserstack.utils.UtilityMethods - BrowserStack Yml Detected : /Users/siddhirao/Projects2024/smartTV/browserstack-example-smartTV-appium-java/browserstack.yml
16:52:20.296 [main] INFO  c.b.config.BrowserStackConfig - Detected Framework testng
16:52:20.689 [main] INFO  c.browserstack.BrowserStackJavaAgent - Using app: [bs://506a7b1c148ce98416d0a7760f56d5dcb3b70774]
16:52:20.689 [main] INFO  c.browserstack.BrowserStackJavaAgent - Framework set to testng
16:52:23.706 [main] INFO  c.browserstack.BrowserStackJavaAgent - Project and debug logs are captured by default. To disable, set disableAutoCaptureLogs: true in config.
16:52:32.908 [Thread-0] INFO  c.browserstack.utils.LogReportingAPI - Visit https://observability.browserstack.com/builds/5clrhdg1jaqdrkmnthcvxbmkgtlpdslxmos2bc7m to view build report, insights, and many more debugging information all at one place!

16:52:36.497 [Thread-0] INFO  c.browserstack.utils.UtilityMethods - View build on BrowserStack dashboard: https://app-automate.browserstack.com/dashboard/v2/builds/ef635dc46d41c2e726c3ee348e77cebc55aad0f1
16:52:36.500 [Thread-0] INFO  c.b.config.BrowserStackConfig - INFO
18:25:16.538 [main] INFO  c.browserstack.BrowserStackJavaAgent - Selenium version detected - 4.16.1
18:25:16.541 [main] INFO  c.browserstack.BrowserStackJavaAgent - Appium version detected - 9.0.0
18:25:16.727 [main] DEBUG c.b.config.BrowserStackConfig - Cli Config passed - {basedir=/Users/siddhirao/Projects2024/smartTV/browserstack-example-smartTV-appium-java, user.dir=/Users/siddhirao/Projects2024/smartTV/browserstack-example-smartTV-appium-java, localrepository=/Users/siddhirao/.m2/repository}
18:25:16.729 [main] INFO  c.browserstack.utils.UtilityMethods - BrowserStack Yml Detected : /Users/siddhirao/Projects2024/smartTV/browserstack-example-smartTV-appium-java/browserstack.yml
18:25:16.794 [main] INFO  c.b.config.BrowserStackConfig - Detected Framework testng
18:25:17.222 [main] INFO  c.browserstack.BrowserStackJavaAgent - Using app: [bs://506a7b1c148ce98416d0a7760f56d5dcb3b70774]
18:25:17.223 [main] INFO  c.browserstack.BrowserStackJavaAgent - Framework set to testng
18:25:20.810 [main] INFO  c.browserstack.BrowserStackJavaAgent - Project and debug logs are captured by default. To disable, set disableAutoCaptureLogs: true in config.
18:33:59.623 [Thread-0] INFO  c.browserstack.utils.LogReportingAPI - Visit https://observability.browserstack.com/builds/ebjoptdpm6rjsmof8q5t0p3f7csvjgtq2udthgrc to view build report, insights, and many more debugging information all at one place!

18:34:02.488 [Thread-0] INFO  c.browserstack.utils.UtilityMethods - View build on BrowserStack dashboard: https://app-automate.browserstack.com/dashboard/v2/builds/9ab134fad1cfa5c6caf52eae6a4b3006b61a72c8
18:34:02.516 [Thread-0] INFO  c.b.config.BrowserStackConfig - INFO
23:17:00.548 [main] INFO  c.browserstack.BrowserStackJavaAgent - Selenium version detected - 4.16.1
23:17:00.552 [main] INFO  c.browserstack.BrowserStackJavaAgent - Appium version detected - 9.0.0
23:17:00.783 [main] DEBUG c.b.config.BrowserStackConfig - Cli Config passed - {basedir=/Users/siddhirao/Projects2024/smartTV/browserstack-example-smartTV-appium-java, user.dir=/Users/siddhirao/Projects2024/smartTV/browserstack-example-smartTV-appium-java, localrepository=/Users/siddhirao/.m2/repository}
23:17:00.786 [main] INFO  c.browserstack.utils.UtilityMethods - BrowserStack Yml Detected : /Users/siddhirao/Projects2024/smartTV/browserstack-example-smartTV-appium-java/browserstack.yml
23:17:00.853 [main] INFO  c.b.config.BrowserStackConfig - Detected Framework testng
23:17:00.874 [main] INFO  c.b.config.BrowserStackConfig - Setting value of testObservability as specified in your environment to true
23:17:01.262 [main] INFO  c.browserstack.BrowserStackJavaAgent - Using app: [bs://506a7b1c148ce98416d0a7760f56d5dcb3b70774]
23:17:01.262 [main] INFO  c.browserstack.BrowserStackJavaAgent - Framework set to testng
23:17:06.665 [main] INFO  c.browserstack.BrowserStackJavaAgent - Project and debug logs are captured by default. To disable, set disableAutoCaptureLogs: true in config.
23:25:40.248 [Thread-0] INFO  c.browserstack.utils.LogReportingAPI - Visit https://observability.browserstack.com/builds/3ntvlsqdykb6qlo66wzpuhrb114dgexhqdwg4ejv to view build report, insights, and many more debugging information all at one place!

23:25:43.667 [Thread-0] INFO  c.browserstack.utils.UtilityMethods - View build on BrowserStack dashboard: https://app-automate.browserstack.com/dashboard/v2/builds/8f1149b03fb8d2b67ef73ea8f7215deb93ddf130
23:25:43.672 [Thread-0] INFO  c.b.config.BrowserStackConfig - INFO
00:31:55.237 [main] INFO  c.browserstack.BrowserStackJavaAgent - Selenium version detected - 4.16.1
00:31:55.240 [main] INFO  c.browserstack.BrowserStackJavaAgent - Appium version detected - 9.0.0
00:31:55.436 [main] DEBUG c.b.config.BrowserStackConfig - Cli Config passed - {basedir=/Users/siddhirao/Projects2024/smartTV/browserstack-example-smartTV-appium-java, user.dir=/Users/siddhirao/Projects2024/smartTV/browserstack-example-smartTV-appium-java, localrepository=/Users/siddhirao/.m2/repository}
00:31:55.439 [main] INFO  c.browserstack.utils.UtilityMethods - BrowserStack Yml Detected : /Users/siddhirao/Projects2024/smartTV/browserstack-example-smartTV-appium-java/src/resources/conf/browserstack-nvidia_shieldTV.yml
00:31:55.504 [main] INFO  c.b.config.BrowserStackConfig - Detected Framework testng
00:31:55.525 [main] INFO  c.b.config.BrowserStackConfig - Setting value of testObservability as specified in your environment to true
00:31:55.915 [main] INFO  c.browserstack.BrowserStackJavaAgent - Using app: [bs://506a7b1c148ce98416d0a7760f56d5dcb3b70774]
00:31:55.915 [main] INFO  c.browserstack.BrowserStackJavaAgent - Framework set to testng
00:32:00.245 [main] INFO  c.browserstack.BrowserStackJavaAgent - Project and debug logs are captured by default. To disable, set disableAutoCaptureLogs: true in config.
00:42:07.466 [Thread-0] INFO  c.browserstack.utils.LogReportingAPI - Visit https://observability.browserstack.com/builds/qolrjl3wok7wmmehq1kbvkyddaaztrjaqxmjogtt to view build report, insights, and many more debugging information all at one place!

17:17:14.391 [main] INFO  c.browserstack.BrowserStackJavaAgent - Selenium version detected - 4.16.1
17:17:14.394 [main] INFO  c.browserstack.BrowserStackJavaAgent - Appium version detected - 9.0.0
17:17:14.617 [main] DEBUG c.b.config.BrowserStackConfig - Cli Config passed - {basedir=/Users/siddhirao/Projects2024/smartTV/browserstack-example-smartTV-appium-java, user.dir=/Users/siddhirao/Projects2024/smartTV/browserstack-example-smartTV-appium-java, localrepository=/Users/siddhirao/.m2/repository}
17:17:14.618 [main] INFO  c.browserstack.utils.UtilityMethods - BrowserStack Yml Detected : /Users/siddhirao/Projects2024/smartTV/browserstack-example-smartTV-appium-java/src/resources/conf/browserstack-nvidia_shieldTV.yml
17:17:14.686 [main] INFO  c.b.config.BrowserStackConfig - Detected Framework testng
17:17:14.706 [main] INFO  c.b.config.BrowserStackConfig - Setting value of testObservability as specified in your environment to true
17:17:15.135 [main] INFO  c.browserstack.BrowserStackJavaAgent - Using app: [bs://506a7b1c148ce98416d0a7760f56d5dcb3b70774]
17:17:15.135 [main] INFO  c.browserstack.BrowserStackJavaAgent - Framework set to testng
17:17:19.117 [main] INFO  c.browserstack.BrowserStackJavaAgent - Project and debug logs are captured by default. To disable, set disableAutoCaptureLogs: true in config.
17:27:26.896 [Thread-0] INFO  c.browserstack.utils.LogReportingAPI - Visit https://observability.browserstack.com/builds/mnta7snas9f507nns7wina6wawfek55984bvqc90 to view build report, insights, and many more debugging information all at one place!

17:33:02.244 [main] INFO  c.browserstack.BrowserStackJavaAgent - Selenium version detected - 4.16.1
17:33:02.247 [main] INFO  c.browserstack.BrowserStackJavaAgent - Appium version detected - 9.0.0
17:33:02.439 [main] DEBUG c.b.config.BrowserStackConfig - Cli Config passed - {basedir=/Users/siddhirao/Projects2024/smartTV/browserstack-example-smartTV-appium-java, user.dir=/Users/siddhirao/Projects2024/smartTV/browserstack-example-smartTV-appium-java, localrepository=/Users/siddhirao/.m2/repository}
17:33:02.441 [main] INFO  c.browserstack.utils.UtilityMethods - BrowserStack Yml Detected : /Users/siddhirao/Projects2024/smartTV/browserstack-example-smartTV-appium-java/src/resources/conf/browserstack-nvidia_shieldTV.yml
17:33:02.506 [main] INFO  c.b.config.BrowserStackConfig - Detected Framework testng
17:33:02.529 [main] INFO  c.b.config.BrowserStackConfig - Setting value of testObservability as specified in your environment to true
17:33:02.998 [main] INFO  c.browserstack.BrowserStackJavaAgent - Using app: [bs://506a7b1c148ce98416d0a7760f56d5dcb3b70774]
17:33:02.999 [main] INFO  c.browserstack.BrowserStackJavaAgent - Framework set to testng
17:33:06.255 [main] INFO  c.browserstack.BrowserStackJavaAgent - Project and debug logs are captured by default. To disable, set disableAutoCaptureLogs: true in config.
17:43:12.926 [Thread-0] INFO  c.browserstack.utils.LogReportingAPI - Visit https://observability.browserstack.com/builds/crxvsz7miywxhforkjckeeehlp4029ihgl7abhm8 to view build report, insights, and many more debugging information all at one place!

20:03:59.764 [main] INFO  c.browserstack.BrowserStackJavaAgent - Selenium version detected - 4.16.1
20:03:59.766 [main] INFO  c.browserstack.BrowserStackJavaAgent - Appium version detected - 9.0.0
20:03:59.990 [main] DEBUG c.b.config.BrowserStackConfig - Cli Config passed - {basedir=/Users/siddhirao/Projects2024/smartTV/browserstack-example-smartTV-appium-java, user.dir=/Users/siddhirao/Projects2024/smartTV/browserstack-example-smartTV-appium-java, localrepository=/Users/siddhirao/.m2/repository}
20:03:59.993 [main] INFO  c.browserstack.utils.UtilityMethods - BrowserStack Yml Detected : /Users/siddhirao/Projects2024/smartTV/browserstack-example-smartTV-appium-java/src/resources/conf/browserstack-nvidia_shieldTV.yml
20:04:00.076 [main] INFO  c.b.config.BrowserStackConfig - Detected Framework testng
20:04:00.109 [main] INFO  c.b.config.BrowserStackConfig - Setting value of testObservability as specified in your environment to true
20:04:00.830 [main] INFO  c.browserstack.BrowserStackJavaAgent - Using app: [bs://506a7b1c148ce98416d0a7760f56d5dcb3b70774]
20:04:00.830 [main] INFO  c.browserstack.BrowserStackJavaAgent - Framework set to testng
20:04:05.300 [main] INFO  c.browserstack.BrowserStackJavaAgent - Project and debug logs are captured by default. To disable, set disableAutoCaptureLogs: true in config.
20:14:12.692 [Thread-0] INFO  c.browserstack.utils.LogReportingAPI - Visit https://observability.browserstack.com/builds/klaspclkpg0yuey8snsjmmim6eroi4ppsm4oozi3 to view build report, insights, and many more debugging information all at one place!

20:25:50.988 [main] INFO  c.browserstack.BrowserStackJavaAgent - Selenium version detected - 4.16.1
20:25:50.990 [main] INFO  c.browserstack.BrowserStackJavaAgent - Appium version detected - 9.0.0
20:25:51.185 [main] DEBUG c.b.config.BrowserStackConfig - Cli Config passed - {basedir=/Users/siddhirao/Projects2024/smartTV/browserstack-example-smartTV-appium-java, user.dir=/Users/siddhirao/Projects2024/smartTV/browserstack-example-smartTV-appium-java, localrepository=/Users/siddhirao/.m2/repository}
20:25:51.187 [main] INFO  c.browserstack.utils.UtilityMethods - BrowserStack Yml Detected : /Users/siddhirao/Projects2024/smartTV/browserstack-example-smartTV-appium-java/src/resources/conf/browserstack-appleTV.yml
20:25:51.257 [main] INFO  c.b.config.BrowserStackConfig - Detected Framework testng
20:25:51.277 [main] INFO  c.b.config.BrowserStackConfig - Setting value of testObservability as specified in your environment to true
20:25:51.700 [main] INFO  c.browserstack.BrowserStackJavaAgent - Using app: [bs://5b83fd8bc9834fc223e47460750658ead51d043c]
20:25:51.700 [main] INFO  c.browserstack.BrowserStackJavaAgent - Framework set to testng
20:25:56.259 [main] INFO  c.browserstack.BrowserStackJavaAgent - Project and debug logs are captured by default. To disable, set disableAutoCaptureLogs: true in config.
20:26:05.398 [Thread-0] INFO  c.browserstack.utils.LogReportingAPI - Visit https://observability.browserstack.com/builds/4k0kgw01ocgeggxfw8ybia21yq2ktgyiyzdebx0o to view build report, insights, and many more debugging information all at one place!

20:27:17.302 [main] INFO  c.browserstack.BrowserStackJavaAgent - Selenium version detected - 4.16.1
20:27:17.304 [main] INFO  c.browserstack.BrowserStackJavaAgent - Appium version detected - 9.0.0
20:27:17.491 [main] DEBUG c.b.config.BrowserStackConfig - Cli Config passed - {basedir=/Users/siddhirao/Projects2024/smartTV/browserstack-example-smartTV-appium-java, user.dir=/Users/siddhirao/Projects2024/smartTV/browserstack-example-smartTV-appium-java, localrepository=/Users/siddhirao/.m2/repository}
20:27:17.493 [main] INFO  c.browserstack.utils.UtilityMethods - BrowserStack Yml Detected : /Users/siddhirao/Projects2024/smartTV/browserstack-example-smartTV-appium-java/src/resources/conf/browserstack-appleTV.yml
20:27:17.559 [main] INFO  c.b.config.BrowserStackConfig - Detected Framework testng
20:27:17.579 [main] INFO  c.b.config.BrowserStackConfig - Setting value of testObservability as specified in your environment to true
20:27:17.982 [main] INFO  c.browserstack.BrowserStackJavaAgent - Using app: [bs://5b83fd8bc9834fc223e47460750658ead51d043c]
20:27:17.982 [main] INFO  c.browserstack.BrowserStackJavaAgent - Framework set to testng
20:27:21.195 [main] INFO  c.browserstack.BrowserStackJavaAgent - Project and debug logs are captured by default. To disable, set disableAutoCaptureLogs: true in config.
20:31:05.344 [Thread-0] INFO  c.browserstack.utils.LogReportingAPI - Visit https://observability.browserstack.com/builds/jkom5ls8e3z5dspbrexar1tzftxosrik8vmhxupr to view build report, insights, and many more debugging information all at one place!

20:31:07.281 [Thread-0] INFO  c.browserstack.utils.UtilityMethods - View build on BrowserStack dashboard: https://app-automate.browserstack.com/dashboard/v2/builds/ec481c71413c4cb825771901ddc1f7a8e35e6c6b
20:31:07.283 [Thread-0] INFO  c.b.config.BrowserStackConfig - INFO
19:23:41.004 [main] INFO  c.browserstack.BrowserStackJavaAgent - Selenium version detected - 4.16.1
19:23:41.007 [main] INFO  c.browserstack.BrowserStackJavaAgent - Appium version detected - 9.0.0
19:23:41.202 [main] DEBUG c.b.config.BrowserStackConfig - Cli Config passed - {basedir=/Users/siddhirao/Projects2024/smartTV/browserstack-example-smartTV-appium-java, user.dir=/Users/siddhirao/Projects2024/smartTV/browserstack-example-smartTV-appium-java, localrepository=/Users/siddhirao/.m2/repository}
19:23:41.204 [main] INFO  c.browserstack.utils.UtilityMethods - BrowserStack Yml Detected : /Users/siddhirao/Projects2024/smartTV/browserstack-example-smartTV-appium-java/src/resources/conf/browserstack-amazonFireTV.yml
19:23:41.271 [main] INFO  c.b.config.BrowserStackConfig - Detected Framework testng
19:23:41.296 [main] INFO  c.b.config.BrowserStackConfig - Setting value of testObservability as specified in your environment to true
19:23:41.900 [main] INFO  c.browserstack.BrowserStackJavaAgent - Using app: [bs://dc9ea895eb05114744edb24f2639b6b6057a35bf]
19:23:41.900 [main] INFO  c.browserstack.BrowserStackJavaAgent - Framework set to testng
19:23:46.113 [main] INFO  c.browserstack.BrowserStackJavaAgent - Project and debug logs are captured by default. To disable, set disableAutoCaptureLogs: true in config.
19:23:51.942 [Thread-0] INFO  c.browserstack.utils.LogReportingAPI - Visit https://observability.browserstack.com/builds/9uakbnygz8gzub4htg7w4zgg0r9tqy2dtwdrbqrd to view build report, insights, and many more debugging information all at one place!

19:24:43.199 [main] INFO  c.browserstack.BrowserStackJavaAgent - Selenium version detected - 4.16.1
19:24:43.202 [main] INFO  c.browserstack.BrowserStackJavaAgent - Appium version detected - 9.0.0
19:24:43.400 [main] DEBUG c.b.config.BrowserStackConfig - Cli Config passed - {basedir=/Users/siddhirao/Projects2024/smartTV/browserstack-example-smartTV-appium-java, user.dir=/Users/siddhirao/Projects2024/smartTV/browserstack-example-smartTV-appium-java, localrepository=/Users/siddhirao/.m2/repository}
19:24:43.402 [main] INFO  c.browserstack.utils.UtilityMethods - BrowserStack Yml Detected : /Users/siddhirao/Projects2024/smartTV/browserstack-example-smartTV-appium-java/src/resources/conf/browserstack-amazonFireTV.yml
19:24:43.474 [main] INFO  c.b.config.BrowserStackConfig - Detected Framework testng
19:24:43.496 [main] INFO  c.b.config.BrowserStackConfig - Setting value of testObservability as specified in your environment to true
19:24:43.951 [main] INFO  c.browserstack.BrowserStackJavaAgent - Using app: [bs://dc9ea895eb05114744edb24f2639b6b6057a35bf]
19:24:43.951 [main] INFO  c.browserstack.BrowserStackJavaAgent - Framework set to testng
19:24:47.540 [main] INFO  c.browserstack.BrowserStackJavaAgent - Project and debug logs are captured by default. To disable, set disableAutoCaptureLogs: true in config.
19:24:53.036 [Thread-0] INFO  c.browserstack.utils.LogReportingAPI - Visit https://observability.browserstack.com/builds/oa9lkn4ebbdt3grfmksqfgj15cmkx2rvfd5ocqxx to view build report, insights, and many more debugging information all at one place!

19:25:29.885 [main] INFO  c.browserstack.BrowserStackJavaAgent - Selenium version detected - 4.16.1
19:25:29.888 [main] INFO  c.browserstack.BrowserStackJavaAgent - Appium version detected - 9.0.0
19:25:30.082 [main] DEBUG c.b.config.BrowserStackConfig - Cli Config passed - {basedir=/Users/siddhirao/Projects2024/smartTV/browserstack-example-smartTV-appium-java, user.dir=/Users/siddhirao/Projects2024/smartTV/browserstack-example-smartTV-appium-java, localrepository=/Users/siddhirao/.m2/repository}
19:25:30.083 [main] INFO  c.browserstack.utils.UtilityMethods - BrowserStack Yml Detected : /Users/siddhirao/Projects2024/smartTV/browserstack-example-smartTV-appium-java/src/resources/conf/browserstack-amazonFireTV.yml
19:25:30.152 [main] INFO  c.b.config.BrowserStackConfig - Detected Framework testng
19:25:30.170 [main] INFO  c.b.config.BrowserStackConfig - Setting value of testObservability as specified in your environment to true
19:25:30.583 [main] INFO  c.browserstack.BrowserStackJavaAgent - Using app: [bs://506a7b1c148ce98416d0a7760f56d5dcb3b70774]
19:25:30.583 [main] INFO  c.browserstack.BrowserStackJavaAgent - Framework set to testng
19:25:34.350 [main] INFO  c.browserstack.BrowserStackJavaAgent - Project and debug logs are captured by default. To disable, set disableAutoCaptureLogs: true in config.
19:27:34.443 [Thread-0] INFO  c.browserstack.utils.LogReportingAPI - Visit https://observability.browserstack.com/builds/szfoztpzkpepd5gozhvjxusrlps4a6m7kxucqhlw to view build report, insights, and many more debugging information all at one place!

19:27:36.395 [Thread-0] INFO  c.browserstack.utils.UtilityMethods - View build on BrowserStack dashboard: https://app-automate.browserstack.com/dashboard/v2/builds/9db5b5df490aebd76ada6b973f190a947a22428f
19:27:36.396 [Thread-0] INFO  c.b.config.BrowserStackConfig - INFO
19:30:33.624 [main] INFO  c.browserstack.BrowserStackJavaAgent - Selenium version detected - 4.16.1
19:30:33.627 [main] INFO  c.browserstack.BrowserStackJavaAgent - Appium version detected - 9.0.0
19:30:33.898 [main] DEBUG c.b.config.BrowserStackConfig - Cli Config passed - {basedir=/Users/siddhirao/Projects2024/smartTV/browserstack-example-smartTV-appium-java, user.dir=/Users/siddhirao/Projects2024/smartTV/browserstack-example-smartTV-appium-java, localrepository=/Users/siddhirao/.m2/repository}
19:30:33.901 [main] INFO  c.browserstack.utils.UtilityMethods - BrowserStack Yml Detected : /Users/siddhirao/Projects2024/smartTV/browserstack-example-smartTV-appium-java/src/resources/conf/browserstack-amazonFireTV.yml
19:30:33.982 [main] INFO  c.b.config.BrowserStackConfig - Detected Framework testng
19:30:34.006 [main] INFO  c.b.config.BrowserStackConfig - Setting value of testObservability as specified in your environment to true
19:30:34.548 [main] INFO  c.browserstack.BrowserStackJavaAgent - Using app: [bs://506a7b1c148ce98416d0a7760f56d5dcb3b70774]
19:30:34.548 [main] INFO  c.browserstack.BrowserStackJavaAgent - Framework set to testng
19:30:39.118 [main] INFO  c.browserstack.BrowserStackJavaAgent - Project and debug logs are captured by default. To disable, set disableAutoCaptureLogs: true in config.
19:32:32.421 [Thread-0] INFO  c.browserstack.utils.LogReportingAPI - Visit https://observability.browserstack.com/builds/u7t58vvo8ni7eudllsucj4bccpdyibgh3dva0itg to view build report, insights, and many more debugging information all at one place!

19:32:34.579 [Thread-0] INFO  c.browserstack.utils.UtilityMethods - View build on BrowserStack dashboard: https://app-automate.browserstack.com/dashboard/v2/builds/2bb8ab46ae6dcff5fbfc090703c1f2ea03106a1f
19:32:34.580 [Thread-0] INFO  c.b.config.BrowserStackConfig - INFO
01:51:30.007 [main] INFO  c.browserstack.BrowserStackJavaAgent - Selenium version detected - 4.16.1
01:51:30.008 [main] INFO  c.browserstack.BrowserStackJavaAgent - Appium version detected - 9.0.0
01:51:30.093 [main] DEBUG c.b.config.BrowserStackConfig - Cli Config passed - {basedir=/Users/siddhirao/Documents/SidProjects/smartTV/browserstack-example-smartTV-appium-java, user.dir=/Users/siddhirao/Documents/SidProjects/smartTV/browserstack-example-smartTV-appium-java, localrepository=/Users/siddhirao/.m2/repository}
01:51:30.094 [main] INFO  c.browserstack.utils.UtilityMethods - BrowserStack Yml Detected : /Users/siddhirao/Documents/SidProjects/smartTV/browserstack-example-smartTV-appium-java/src/resources/conf/browserstack-amazonFireTV.yml
01:51:30.115 [main] INFO  c.b.config.BrowserStackConfig - Detected Framework testng
01:51:30.118 [main] INFO  c.b.config.BrowserStackConfig - Setting value of testObservability as specified in your browserstack.yml to true
01:51:30.585 [main] INFO  c.browserstack.BrowserStackJavaAgent - Using app: [bs://506a7b1c148ce98416d0a7760f56d5dcb3b70774]
01:51:30.585 [main] INFO  c.browserstack.BrowserStackJavaAgent - Framework set to testng
01:51:36.856 [main] INFO  c.browserstack.BrowserStackJavaAgent - Project and debug logs are captured by default. To disable, set disableAutoCaptureLogs: true in config.
01:51:37.990 [main] INFO  c.browserstack.BrowserStackJavaAgent - Starting Percy......
01:51:38.290 [main] ERROR com.browserstack.PercyFactory - Error fetching percy token for project : %s.
java.lang.IllegalArgumentException: No enum constant com.browserstack.percy.PercyCaptureMode.NULL
	at java.base/java.lang.Enum.valueOf(Enum.java:293)
	at com.browserstack.percy.PercyCaptureMode.valueOf(Unknown Source)
	at com.browserstack.percy.PercyCaptureMode.fromString(Unknown Source)
	at com.browserstack.PercyFactory.a(Unknown Source)
	at com.browserstack.PercyFactory.<init>(Unknown Source)
	at com.browserstack.PercyFactory.a(Unknown Source)
	at com.browserstack.PercyFactory.createInstance(Unknown Source)
	at com.browserstack.BrowserStackJavaAgent.c(Unknown Source)
	at com.browserstack.BrowserStackJavaAgent.a(Unknown Source)
	at com.browserstack.BrowserStackJavaAgent.premain(Unknown Source)
	at java.base/jdk.internal.reflect.DirectMethodHandleAccessor.invoke(DirectMethodHandleAccessor.java:103)
	at java.base/java.lang.reflect.Method.invoke(Method.java:580)
	at java.instrument/sun.instrument.InstrumentationImpl.loadClassAndStartAgent(InstrumentationImpl.java:560)
	at java.instrument/sun.instrument.InstrumentationImpl.loadClassAndCallPremain(InstrumentationImpl.java:572)
01:51:38.290 [main] ERROR com.browserstack.PercyFactory - Initialization of percy failed java.lang.NullPointerException: Cannot invoke "String.split(String)" because the return value of "com.browserstack.PercyFactory.a(com.browserstack.config.BrowserStackConfig)" is null.
01:51:41.602 [Thread-0] INFO  c.browserstack.utils.LogReportingAPI - Visit https://observability.browserstack.com/builds/qc1p8rd6kcskfkjwgkifyulj4rswhotlin3d7rfj to view build report, insights, and many more debugging information all at one place!

01:51:41.603 [Thread-0] INFO  c.b.config.BrowserStackConfig - INFO
01:52:13.519 [main] INFO  c.browserstack.BrowserStackJavaAgent - Selenium version detected - 4.16.1
01:52:13.521 [main] INFO  c.browserstack.BrowserStackJavaAgent - Appium version detected - 9.0.0
01:52:13.606 [main] DEBUG c.b.config.BrowserStackConfig - Cli Config passed - {basedir=/Users/siddhirao/Documents/SidProjects/smartTV/browserstack-example-smartTV-appium-java, user.dir=/Users/siddhirao/Documents/SidProjects/smartTV/browserstack-example-smartTV-appium-java, localrepository=/Users/siddhirao/.m2/repository}
01:52:13.606 [main] INFO  c.browserstack.utils.UtilityMethods - BrowserStack Yml Detected : /Users/siddhirao/Documents/SidProjects/smartTV/browserstack-example-smartTV-appium-java/src/resources/conf/browserstack-amazonFireTV.yml
01:52:13.661 [main] INFO  c.b.config.BrowserStackConfig - Detected Framework testng
01:52:13.670 [main] INFO  c.b.config.BrowserStackConfig - Setting value of testObservability as specified in your browserstack.yml to true
01:52:13.938 [main] INFO  c.browserstack.BrowserStackJavaAgent - Using app: [bs://c365548a71221ba1596d2a0a4e0de4032b156637]
01:52:13.938 [main] INFO  c.browserstack.BrowserStackJavaAgent - Framework set to testng
01:52:18.964 [main] INFO  c.browserstack.BrowserStackJavaAgent - Project and debug logs are captured by default. To disable, set disableAutoCaptureLogs: true in config.
01:52:19.816 [main] INFO  c.browserstack.BrowserStackJavaAgent - Starting Percy......
01:52:20.262 [main] ERROR com.browserstack.PercyFactory - Error fetching percy token for project : %s.
java.lang.IllegalArgumentException: No enum constant com.browserstack.percy.PercyCaptureMode.NULL
	at java.base/java.lang.Enum.valueOf(Enum.java:293)
	at com.browserstack.percy.PercyCaptureMode.valueOf(Unknown Source)
	at com.browserstack.percy.PercyCaptureMode.fromString(Unknown Source)
	at com.browserstack.PercyFactory.a(Unknown Source)
	at com.browserstack.PercyFactory.<init>(Unknown Source)
	at com.browserstack.PercyFactory.a(Unknown Source)
	at com.browserstack.PercyFactory.createInstance(Unknown Source)
	at com.browserstack.BrowserStackJavaAgent.c(Unknown Source)
	at com.browserstack.BrowserStackJavaAgent.a(Unknown Source)
	at com.browserstack.BrowserStackJavaAgent.premain(Unknown Source)
	at java.base/jdk.internal.reflect.DirectMethodHandleAccessor.invoke(DirectMethodHandleAccessor.java:103)
	at java.base/java.lang.reflect.Method.invoke(Method.java:580)
	at java.instrument/sun.instrument.InstrumentationImpl.loadClassAndStartAgent(InstrumentationImpl.java:560)
	at java.instrument/sun.instrument.InstrumentationImpl.loadClassAndCallPremain(InstrumentationImpl.java:572)
01:52:20.262 [main] ERROR com.browserstack.PercyFactory - Initialization of percy failed java.lang.NullPointerException: Cannot invoke "String.split(String)" because the return value of "com.browserstack.PercyFactory.a(com.browserstack.config.BrowserStackConfig)" is null.
01:52:23.277 [Thread-0] INFO  c.browserstack.utils.LogReportingAPI - Visit https://observability.browserstack.com/builds/mfggrbrugg3wzzhdtxe1erdmmvtawsz0kt5gk1fa to view build report, insights, and many more debugging information all at one place!

01:52:23.277 [Thread-0] INFO  c.b.config.BrowserStackConfig - INFO
23:10:17.335 [main] INFO  c.browserstack.BrowserStackJavaAgent - Selenium version detected - 4.16.1
23:10:17.336 [main] INFO  c.browserstack.BrowserStackJavaAgent - Appium version detected - 9.0.0
23:10:17.412 [main] DEBUG c.b.config.BrowserStackConfig - Cli Config passed - {basedir=/Users/siddhirao/Documents/SidProjects/smartTV/browserstack-example-smartTV-appium-java, user.dir=/Users/siddhirao/Documents/SidProjects/smartTV/browserstack-example-smartTV-appium-java, localrepository=/Users/siddhirao/.m2/repository}
23:10:17.412 [main] INFO  c.browserstack.utils.UtilityMethods - BrowserStack Yml Detected : /Users/siddhirao/Documents/SidProjects/smartTV/browserstack-example-smartTV-appium-java/src/resources/conf/browserstack-amazonFireTV.yml
23:10:17.438 [main] INFO  c.b.config.BrowserStackConfig - Detected Framework testng
23:10:17.442 [main] INFO  c.b.config.BrowserStackConfig - Setting value of testObservability as specified in your browserstack.yml to true
23:10:17.548 [main] INFO  c.browserstack.BrowserStackJavaAgent - Using app: [bs://60900b07f2a370ebb40da7293ad873c4e96a2f97]
23:10:17.548 [main] INFO  c.browserstack.BrowserStackJavaAgent - Framework set to testng
23:10:17.549 [main] INFO  c.browserstack.BrowserStackJavaAgent - SDK run started with id: 1167071d-3c3d-436f-ba87-87bdfd375c72
23:10:17.549 [main] INFO  c.b.config.BrowserStackConfig - INFO
23:10:19.980 [main] INFO  c.browserstack.BrowserStackJavaAgent - Project and debug logs are captured by default. To disable, set disableAutoCaptureLogs: true in config.
23:10:20.891 [main] INFO  com.browserstack.testOps.Listener - Testhub started with id: wfgtekvlfcxeqlm9zepbmbhkkttwl9qxzvqnld85
23:10:20.892 [main] INFO  c.b.config.BrowserStackConfig - INFO
23:10:20.892 [main] INFO  c.browserstack.BrowserStackJavaAgent - Starting Percy......
23:10:21.228 [main] ERROR com.browserstack.PercyFactory - Error fetching percy token for project : %s.
java.lang.IllegalArgumentException: No enum constant com.browserstack.percy.PercyCaptureMode.NULL
	at java.base/java.lang.Enum.valueOf(Enum.java:273)
	at com.browserstack.percy.PercyCaptureMode.valueOf(Unknown Source)
	at com.browserstack.percy.PercyCaptureMode.fromString(Unknown Source)
	at com.browserstack.PercyFactory.a(Unknown Source)
	at com.browserstack.PercyFactory.<init>(Unknown Source)
	at com.browserstack.PercyFactory.a(Unknown Source)
	at com.browserstack.PercyFactory.a(Unknown Source)
	at com.browserstack.PercyFactory.createInstance(Unknown Source)
	at com.browserstack.BrowserStackJavaAgent.b(Unknown Source)
	at com.browserstack.BrowserStackJavaAgent.a(Unknown Source)
	at com.browserstack.BrowserStackJavaAgent.startBrowserStackAgent(Unknown Source)
	at com.browserstack.BrowserStackJavaAgent.premain(Unknown Source)
	at java.base/jdk.internal.reflect.NativeMethodAccessorImpl.invoke0(Native Method)
	at java.base/jdk.internal.reflect.NativeMethodAccessorImpl.invoke(NativeMethodAccessorImpl.java:77)
	at java.base/jdk.internal.reflect.DelegatingMethodAccessorImpl.invoke(DelegatingMethodAccessorImpl.java:43)
	at java.base/java.lang.reflect.Method.invoke(Method.java:568)
	at java.instrument/sun.instrument.InstrumentationImpl.loadClassAndStartAgent(InstrumentationImpl.java:491)
	at java.instrument/sun.instrument.InstrumentationImpl.loadClassAndCallPremain(InstrumentationImpl.java:503)
23:10:21.228 [main] ERROR com.browserstack.PercyFactory - Initialization of percy failed java.lang.NullPointerException: Cannot invoke "String.split(String)" because the return value of "com.browserstack.PercyFactory.a(com.browserstack.config.BrowserStackConfig)" is null.
23:10:24.572 [Thread-0] INFO  c.browserstack.utils.LogReportingAPI - Visit https://observability.browserstack.com/builds/wfgtekvlfcxeqlm9zepbmbhkkttwl9qxzvqnld85 to view build report, insights, and many more debugging information all at one place!

23:10:24.572 [Thread-0] INFO  c.b.config.BrowserStackConfig - INFO
23:10:26.310 [Thread-0] INFO  c.browserstack.BrowserStackJavaAgent - SDK run ended for id: 1167071d-3c3d-436f-ba87-87bdfd375c72, testhub id: wfgtekvlfcxeqlm9zepbmbhkkttwl9qxzvqnld85
23:10:26.310 [Thread-0] INFO  c.b.config.BrowserStackConfig - INFO
23:11:38.163 [main] INFO  c.browserstack.BrowserStackJavaAgent - Selenium version detected - 4.16.1
23:11:38.164 [main] INFO  c.browserstack.BrowserStackJavaAgent - Appium version detected - 9.0.0
23:11:38.277 [main] DEBUG c.b.config.BrowserStackConfig - Cli Config passed - {basedir=/Users/siddhirao/Documents/SidProjects/smartTV/browserstack-example-smartTV-appium-java, user.dir=/Users/siddhirao/Documents/SidProjects/smartTV/browserstack-example-smartTV-appium-java, localrepository=/Users/siddhirao/.m2/repository}
23:11:38.277 [main] INFO  c.browserstack.utils.UtilityMethods - BrowserStack Yml Detected : /Users/siddhirao/Documents/SidProjects/smartTV/browserstack-example-smartTV-appium-java/src/resources/conf/browserstack-amazonFireTV.yml
23:11:38.302 [main] INFO  c.b.config.BrowserStackConfig - Detected Framework testng
23:11:38.305 [main] INFO  c.b.config.BrowserStackConfig - Setting value of testObservability as specified in your browserstack.yml to true
23:11:38.431 [main] INFO  c.browserstack.BrowserStackJavaAgent - Using app: [bs://60900b07f2a370ebb40da7293ad873c4e96a2f97]
23:11:38.431 [main] INFO  c.browserstack.BrowserStackJavaAgent - Framework set to testng
23:11:38.433 [main] INFO  c.browserstack.BrowserStackJavaAgent - SDK run started with id: 9e7bc340-e878-4c8b-bfcf-969931e796bc
23:11:38.433 [main] INFO  c.b.config.BrowserStackConfig - INFO
23:11:40.913 [main] INFO  c.browserstack.BrowserStackJavaAgent - Project and debug logs are captured by default. To disable, set disableAutoCaptureLogs: true in config.
23:11:41.797 [main] INFO  com.browserstack.testOps.Listener - Testhub started with id: fpasg6amswyobceyopujpbylhebfamsttgscmznc
23:11:41.797 [main] INFO  c.b.config.BrowserStackConfig - INFO
23:11:41.798 [main] INFO  c.browserstack.BrowserStackJavaAgent - Starting Percy......
23:11:42.087 [main] ERROR com.browserstack.PercyFactory - Error fetching percy token for project : %s.
java.lang.IllegalArgumentException: No enum constant com.browserstack.percy.PercyCaptureMode.NULL
	at java.base/java.lang.Enum.valueOf(Enum.java:273)
	at com.browserstack.percy.PercyCaptureMode.valueOf(Unknown Source)
	at com.browserstack.percy.PercyCaptureMode.fromString(Unknown Source)
	at com.browserstack.PercyFactory.a(Unknown Source)
	at com.browserstack.PercyFactory.<init>(Unknown Source)
	at com.browserstack.PercyFactory.a(Unknown Source)
	at com.browserstack.PercyFactory.a(Unknown Source)
	at com.browserstack.PercyFactory.createInstance(Unknown Source)
	at com.browserstack.BrowserStackJavaAgent.b(Unknown Source)
	at com.browserstack.BrowserStackJavaAgent.a(Unknown Source)
	at com.browserstack.BrowserStackJavaAgent.startBrowserStackAgent(Unknown Source)
	at com.browserstack.BrowserStackJavaAgent.premain(Unknown Source)
	at java.base/jdk.internal.reflect.NativeMethodAccessorImpl.invoke0(Native Method)
	at java.base/jdk.internal.reflect.NativeMethodAccessorImpl.invoke(NativeMethodAccessorImpl.java:77)
	at java.base/jdk.internal.reflect.DelegatingMethodAccessorImpl.invoke(DelegatingMethodAccessorImpl.java:43)
	at java.base/java.lang.reflect.Method.invoke(Method.java:568)
	at java.instrument/sun.instrument.InstrumentationImpl.loadClassAndStartAgent(InstrumentationImpl.java:491)
	at java.instrument/sun.instrument.InstrumentationImpl.loadClassAndCallPremain(InstrumentationImpl.java:503)
23:11:42.088 [main] ERROR com.browserstack.PercyFactory - Initialization of percy failed java.lang.NullPointerException: Cannot invoke "String.split(String)" because the return value of "com.browserstack.PercyFactory.a(com.browserstack.config.BrowserStackConfig)" is null.
23:11:44.917 [Thread-0] INFO  c.browserstack.utils.LogReportingAPI - Visit https://observability.browserstack.com/builds/fpasg6amswyobceyopujpbylhebfamsttgscmznc to view build report, insights, and many more debugging information all at one place!

23:11:44.917 [Thread-0] INFO  c.b.config.BrowserStackConfig - INFO
23:11:46.519 [Thread-0] INFO  c.browserstack.BrowserStackJavaAgent - SDK run ended for id: 9e7bc340-e878-4c8b-bfcf-969931e796bc, testhub id: fpasg6amswyobceyopujpbylhebfamsttgscmznc
23:11:46.520 [Thread-0] INFO  c.b.config.BrowserStackConfig - INFO
23:13:35.592 [main] INFO  c.browserstack.BrowserStackJavaAgent - Selenium version detected - 4.16.1
23:13:35.592 [main] INFO  c.browserstack.BrowserStackJavaAgent - Appium version detected - 9.0.0
23:13:35.673 [main] DEBUG c.b.config.BrowserStackConfig - Cli Config passed - {basedir=/Users/siddhirao/Documents/SidProjects/smartTV/browserstack-example-smartTV-appium-java, user.dir=/Users/siddhirao/Documents/SidProjects/smartTV/browserstack-example-smartTV-appium-java, localrepository=/Users/siddhirao/.m2/repository}
23:13:35.673 [main] INFO  c.browserstack.utils.UtilityMethods - BrowserStack Yml Detected : /Users/siddhirao/Documents/SidProjects/smartTV/browserstack-example-smartTV-appium-java/src/resources/conf/browserstack-appleTV.yml
23:13:35.698 [main] INFO  c.b.config.BrowserStackConfig - Detected Framework testng
23:13:35.825 [main] INFO  c.browserstack.BrowserStackJavaAgent - Using app: [bs://6d156ce4d160659d1be2dbd1685bcaed1da39394]
23:13:35.825 [main] INFO  c.browserstack.BrowserStackJavaAgent - Framework set to testng
23:13:35.826 [main] INFO  c.browserstack.BrowserStackJavaAgent - SDK run started with id: 95a9f2ba-b086-4e59-90b7-4c04b63a4afe
23:13:35.826 [main] INFO  c.b.config.BrowserStackConfig - INFO
23:13:38.164 [main] INFO  c.browserstack.BrowserStackJavaAgent - Project and debug logs are captured by default. To disable, set disableAutoCaptureLogs: true in config.
23:13:39.038 [main] INFO  com.browserstack.testOps.Listener - Testhub started with id: vrypyeidvniyhddesij0a27gyqxxvj9pu51v0qzq
23:13:39.038 [main] INFO  c.b.config.BrowserStackConfig - INFO
23:13:39.039 [main] INFO  c.browserstack.BrowserStackJavaAgent - Starting Percy......
23:13:39.392 [main] ERROR com.browserstack.PercyFactory - Error fetching percy token for project : %s.
java.lang.IllegalArgumentException: No enum constant com.browserstack.percy.PercyCaptureMode.NULL
	at java.base/java.lang.Enum.valueOf(Enum.java:273)
	at com.browserstack.percy.PercyCaptureMode.valueOf(Unknown Source)
	at com.browserstack.percy.PercyCaptureMode.fromString(Unknown Source)
	at com.browserstack.PercyFactory.a(Unknown Source)
	at com.browserstack.PercyFactory.<init>(Unknown Source)
	at com.browserstack.PercyFactory.a(Unknown Source)
	at com.browserstack.PercyFactory.a(Unknown Source)
	at com.browserstack.PercyFactory.createInstance(Unknown Source)
	at com.browserstack.BrowserStackJavaAgent.b(Unknown Source)
	at com.browserstack.BrowserStackJavaAgent.a(Unknown Source)
	at com.browserstack.BrowserStackJavaAgent.startBrowserStackAgent(Unknown Source)
	at com.browserstack.BrowserStackJavaAgent.premain(Unknown Source)
	at java.base/jdk.internal.reflect.NativeMethodAccessorImpl.invoke0(Native Method)
	at java.base/jdk.internal.reflect.NativeMethodAccessorImpl.invoke(NativeMethodAccessorImpl.java:77)
	at java.base/jdk.internal.reflect.DelegatingMethodAccessorImpl.invoke(DelegatingMethodAccessorImpl.java:43)
	at java.base/java.lang.reflect.Method.invoke(Method.java:568)
	at java.instrument/sun.instrument.InstrumentationImpl.loadClassAndStartAgent(InstrumentationImpl.java:491)
	at java.instrument/sun.instrument.InstrumentationImpl.loadClassAndCallPremain(InstrumentationImpl.java:503)
23:13:39.393 [main] ERROR com.browserstack.PercyFactory - Initialization of percy failed java.lang.NullPointerException: Cannot invoke "String.split(String)" because the return value of "com.browserstack.PercyFactory.a(com.browserstack.config.BrowserStackConfig)" is null.
23:13:42.566 [Thread-0] INFO  c.browserstack.utils.LogReportingAPI - Visit https://observability.browserstack.com/builds/vrypyeidvniyhddesij0a27gyqxxvj9pu51v0qzq to view build report, insights, and many more debugging information all at one place!

23:13:42.567 [Thread-0] INFO  c.b.config.BrowserStackConfig - INFO
23:13:44.118 [Thread-0] INFO  c.browserstack.BrowserStackJavaAgent - SDK run ended for id: 95a9f2ba-b086-4e59-90b7-4c04b63a4afe, testhub id: vrypyeidvniyhddesij0a27gyqxxvj9pu51v0qzq
23:13:44.119 [Thread-0] INFO  c.b.config.BrowserStackConfig - INFO
03:04:58.287 [main] INFO  c.browserstack.BrowserStackJavaAgent - Selenium version detected - 4.16.1
03:04:58.287 [main] INFO  c.browserstack.BrowserStackJavaAgent - Appium version detected - 9.0.0
03:04:58.367 [main] DEBUG c.b.config.BrowserStackConfig - Cli Config passed - {basedir=/Users/siddhirao/Documents/SidProjects/smartTV/browserstack-example-smartTV-appium-java, user.dir=/Users/siddhirao/Documents/SidProjects/smartTV/browserstack-example-smartTV-appium-java, localrepository=/Users/siddhirao/.m2/repository}
03:04:58.367 [main] INFO  c.browserstack.utils.UtilityMethods - BrowserStack Yml Detected : /Users/siddhirao/Documents/SidProjects/smartTV/browserstack-example-smartTV-appium-java/src/resources/conf/browserstack-appleTV.yml
03:04:58.395 [main] INFO  c.b.config.BrowserStackConfig - Detected Framework testng
03:04:58.529 [main] INFO  c.browserstack.BrowserStackJavaAgent - Using app: [bs://6d156ce4d160659d1be2dbd1685bcaed1da39394]
03:04:58.529 [main] INFO  c.browserstack.BrowserStackJavaAgent - Framework set to testng
03:04:58.530 [main] INFO  c.browserstack.BrowserStackJavaAgent - SDK run started with id: 02ebade3-7815-4966-9992-a670f7deb10a
03:04:58.530 [main] INFO  c.b.config.BrowserStackConfig - INFO
03:05:00.991 [main] INFO  c.browserstack.BrowserStackJavaAgent - Project and debug logs are captured by default. To disable, set disableAutoCaptureLogs: true in config.
03:05:01.967 [main] INFO  com.browserstack.testOps.Listener - Testhub started with id: bg8xwv3rd6tgibpmskwranjzgs5rtqnra6zut91h
03:05:01.967 [main] INFO  c.b.config.BrowserStackConfig - INFO
03:05:01.968 [main] INFO  c.browserstack.BrowserStackJavaAgent - Starting Percy......
03:05:02.989 [main] ERROR com.browserstack.PercyFactory - Error fetching percy token for project : %s.
java.lang.IllegalArgumentException: No enum constant com.browserstack.percy.PercyCaptureMode.NULL
	at java.base/java.lang.Enum.valueOf(Enum.java:273)
	at com.browserstack.percy.PercyCaptureMode.valueOf(Unknown Source)
	at com.browserstack.percy.PercyCaptureMode.fromString(Unknown Source)
	at com.browserstack.PercyFactory.a(Unknown Source)
	at com.browserstack.PercyFactory.<init>(Unknown Source)
	at com.browserstack.PercyFactory.a(Unknown Source)
	at com.browserstack.PercyFactory.a(Unknown Source)
	at com.browserstack.PercyFactory.createInstance(Unknown Source)
	at com.browserstack.BrowserStackJavaAgent.b(Unknown Source)
	at com.browserstack.BrowserStackJavaAgent.a(Unknown Source)
	at com.browserstack.BrowserStackJavaAgent.startBrowserStackAgent(Unknown Source)
	at com.browserstack.BrowserStackJavaAgent.premain(Unknown Source)
	at java.base/jdk.internal.reflect.NativeMethodAccessorImpl.invoke0(Native Method)
	at java.base/jdk.internal.reflect.NativeMethodAccessorImpl.invoke(NativeMethodAccessorImpl.java:77)
	at java.base/jdk.internal.reflect.DelegatingMethodAccessorImpl.invoke(DelegatingMethodAccessorImpl.java:43)
	at java.base/java.lang.reflect.Method.invoke(Method.java:568)
	at java.instrument/sun.instrument.InstrumentationImpl.loadClassAndStartAgent(InstrumentationImpl.java:491)
	at java.instrument/sun.instrument.InstrumentationImpl.loadClassAndCallPremain(InstrumentationImpl.java:503)
03:05:02.990 [main] ERROR com.browserstack.PercyFactory - Initialization of percy failed java.lang.NullPointerException: Cannot invoke "String.split(String)" because the return value of "com.browserstack.PercyFactory.a(com.browserstack.config.BrowserStackConfig)" is null.
03:05:05.746 [Thread-0] INFO  c.browserstack.utils.LogReportingAPI - Visit https://observability.browserstack.com/builds/bg8xwv3rd6tgibpmskwranjzgs5rtqnra6zut91h to view build report, insights, and many more debugging information all at one place!

03:05:05.746 [Thread-0] INFO  c.b.config.BrowserStackConfig - INFO
03:05:07.393 [Thread-0] INFO  c.browserstack.BrowserStackJavaAgent - SDK run ended for id: 02ebade3-7815-4966-9992-a670f7deb10a, testhub id: bg8xwv3rd6tgibpmskwranjzgs5rtqnra6zut91h
03:05:07.393 [Thread-0] INFO  c.b.config.BrowserStackConfig - INFO
03:05:55.051 [main] INFO  c.browserstack.BrowserStackJavaAgent - Selenium version detected - 4.16.1
03:05:55.051 [main] INFO  c.browserstack.BrowserStackJavaAgent - Appium version detected - 9.0.0
03:05:55.128 [main] DEBUG c.b.config.BrowserStackConfig - Cli Config passed - {basedir=/Users/siddhirao/Documents/SidProjects/smartTV/browserstack-example-smartTV-appium-java, user.dir=/Users/siddhirao/Documents/SidProjects/smartTV/browserstack-example-smartTV-appium-java, localrepository=/Users/siddhirao/.m2/repository}
03:05:55.129 [main] INFO  c.browserstack.utils.UtilityMethods - BrowserStack Yml Detected : /Users/siddhirao/Documents/SidProjects/smartTV/browserstack-example-smartTV-appium-java/src/resources/conf/browserstack-amazonFireTV.yml
03:05:55.201 [main] INFO  c.b.config.BrowserStackConfig - Detected Framework testng
03:05:55.217 [main] INFO  c.b.config.BrowserStackConfig - Setting value of testObservability as specified in your browserstack.yml to true
03:05:55.640 [main] INFO  c.browserstack.BrowserStackJavaAgent - Using app: [bs://60900b07f2a370ebb40da7293ad873c4e96a2f97]
03:05:55.640 [main] INFO  c.browserstack.BrowserStackJavaAgent - Framework set to testng
03:05:55.642 [main] INFO  c.browserstack.BrowserStackJavaAgent - SDK run started with id: 7b8ccea8-1d04-4a60-9e11-5287fc60a46c
03:05:55.642 [main] INFO  c.b.config.BrowserStackConfig - INFO
03:05:58.139 [main] INFO  c.browserstack.BrowserStackJavaAgent - Project and debug logs are captured by default. To disable, set disableAutoCaptureLogs: true in config.
03:05:59.036 [main] INFO  com.browserstack.testOps.Listener - Testhub started with id: ebl2xeylu0a4dvvorptjomg2hoobt22x0exxyyrl
03:05:59.036 [main] INFO  c.b.config.BrowserStackConfig - INFO
03:05:59.036 [main] INFO  c.browserstack.BrowserStackJavaAgent - Starting Percy......
03:05:59.353 [main] ERROR com.browserstack.PercyFactory - Error fetching percy token for project : %s.
java.lang.IllegalArgumentException: No enum constant com.browserstack.percy.PercyCaptureMode.NULL
	at java.base/java.lang.Enum.valueOf(Enum.java:273)
	at com.browserstack.percy.PercyCaptureMode.valueOf(Unknown Source)
	at com.browserstack.percy.PercyCaptureMode.fromString(Unknown Source)
	at com.browserstack.PercyFactory.a(Unknown Source)
	at com.browserstack.PercyFactory.<init>(Unknown Source)
	at com.browserstack.PercyFactory.a(Unknown Source)
	at com.browserstack.PercyFactory.a(Unknown Source)
	at com.browserstack.PercyFactory.createInstance(Unknown Source)
	at com.browserstack.BrowserStackJavaAgent.b(Unknown Source)
	at com.browserstack.BrowserStackJavaAgent.a(Unknown Source)
	at com.browserstack.BrowserStackJavaAgent.startBrowserStackAgent(Unknown Source)
	at com.browserstack.BrowserStackJavaAgent.premain(Unknown Source)
	at java.base/jdk.internal.reflect.NativeMethodAccessorImpl.invoke0(Native Method)
	at java.base/jdk.internal.reflect.NativeMethodAccessorImpl.invoke(NativeMethodAccessorImpl.java:77)
	at java.base/jdk.internal.reflect.DelegatingMethodAccessorImpl.invoke(DelegatingMethodAccessorImpl.java:43)
	at java.base/java.lang.reflect.Method.invoke(Method.java:568)
	at java.instrument/sun.instrument.InstrumentationImpl.loadClassAndStartAgent(InstrumentationImpl.java:491)
	at java.instrument/sun.instrument.InstrumentationImpl.loadClassAndCallPremain(InstrumentationImpl.java:503)
03:05:59.353 [main] ERROR com.browserstack.PercyFactory - Initialization of percy failed java.lang.NullPointerException: Cannot invoke "String.split(String)" because the return value of "com.browserstack.PercyFactory.a(com.browserstack.config.BrowserStackConfig)" is null.
03:06:01.947 [Thread-0] INFO  c.browserstack.utils.LogReportingAPI - Visit https://observability.browserstack.com/builds/ebl2xeylu0a4dvvorptjomg2hoobt22x0exxyyrl to view build report, insights, and many more debugging information all at one place!

03:06:01.947 [Thread-0] INFO  c.b.config.BrowserStackConfig - INFO
03:06:03.573 [Thread-0] INFO  c.browserstack.BrowserStackJavaAgent - SDK run ended for id: 7b8ccea8-1d04-4a60-9e11-5287fc60a46c, testhub id: ebl2xeylu0a4dvvorptjomg2hoobt22x0exxyyrl
03:06:03.573 [Thread-0] INFO  c.b.config.BrowserStackConfig - INFO
03:08:17.554 [main] INFO  c.browserstack.BrowserStackJavaAgent - Selenium version detected - 4.16.1
03:08:17.555 [main] INFO  c.browserstack.BrowserStackJavaAgent - Appium version detected - 9.0.0
03:08:17.642 [main] DEBUG c.b.config.BrowserStackConfig - Cli Config passed - {basedir=/Users/siddhirao/Documents/SidProjects/smartTV/browserstack-example-smartTV-appium-java, user.dir=/Users/siddhirao/Documents/SidProjects/smartTV/browserstack-example-smartTV-appium-java, localrepository=/Users/siddhirao/.m2/repository}
03:08:17.642 [main] INFO  c.browserstack.utils.UtilityMethods - BrowserStack Yml Detected : /Users/siddhirao/Documents/SidProjects/smartTV/browserstack-example-smartTV-appium-java/src/resources/conf/browserstack-amazonFireTV.yml
03:08:17.674 [main] INFO  c.b.config.BrowserStackConfig - Detected Framework testng
03:08:17.678 [main] INFO  c.b.config.BrowserStackConfig - Setting value of testObservability as specified in your browserstack.yml to true
03:08:17.827 [main] INFO  c.browserstack.BrowserStackJavaAgent - Using app: [bs://60900b07f2a370ebb40da7293ad873c4e96a2f97]
03:08:17.827 [main] INFO  c.browserstack.BrowserStackJavaAgent - Framework set to testng
03:08:17.828 [main] INFO  c.browserstack.BrowserStackJavaAgent - SDK run started with id: 4eaaab6b-e01b-4a80-b9d6-7674bff4d052
03:08:17.828 [main] INFO  c.b.config.BrowserStackConfig - INFO
03:08:20.198 [main] INFO  c.browserstack.BrowserStackJavaAgent - Project and debug logs are captured by default. To disable, set disableAutoCaptureLogs: true in config.
03:08:21.229 [main] INFO  com.browserstack.testOps.Listener - Testhub started with id: iot3nien6wqawfeby6lg8l7dcfj6iziz1h5yjv1c
03:08:21.229 [main] INFO  c.b.config.BrowserStackConfig - INFO
03:08:21.229 [main] INFO  c.browserstack.BrowserStackJavaAgent - Starting Percy......
03:08:21.560 [main] ERROR com.browserstack.PercyFactory - Error fetching percy token for project : %s.
java.lang.IllegalArgumentException: No enum constant com.browserstack.percy.PercyCaptureMode.NULL
	at java.base/java.lang.Enum.valueOf(Enum.java:273)
	at com.browserstack.percy.PercyCaptureMode.valueOf(Unknown Source)
	at com.browserstack.percy.PercyCaptureMode.fromString(Unknown Source)
	at com.browserstack.PercyFactory.a(Unknown Source)
	at com.browserstack.PercyFactory.<init>(Unknown Source)
	at com.browserstack.PercyFactory.a(Unknown Source)
	at com.browserstack.PercyFactory.a(Unknown Source)
	at com.browserstack.PercyFactory.createInstance(Unknown Source)
	at com.browserstack.BrowserStackJavaAgent.b(Unknown Source)
	at com.browserstack.BrowserStackJavaAgent.a(Unknown Source)
	at com.browserstack.BrowserStackJavaAgent.startBrowserStackAgent(Unknown Source)
	at com.browserstack.BrowserStackJavaAgent.premain(Unknown Source)
	at java.base/jdk.internal.reflect.NativeMethodAccessorImpl.invoke0(Native Method)
	at java.base/jdk.internal.reflect.NativeMethodAccessorImpl.invoke(NativeMethodAccessorImpl.java:77)
	at java.base/jdk.internal.reflect.DelegatingMethodAccessorImpl.invoke(DelegatingMethodAccessorImpl.java:43)
	at java.base/java.lang.reflect.Method.invoke(Method.java:568)
	at java.instrument/sun.instrument.InstrumentationImpl.loadClassAndStartAgent(InstrumentationImpl.java:491)
	at java.instrument/sun.instrument.InstrumentationImpl.loadClassAndCallPremain(InstrumentationImpl.java:503)
03:08:21.561 [main] ERROR com.browserstack.PercyFactory - Initialization of percy failed java.lang.NullPointerException: Cannot invoke "String.split(String)" because the return value of "com.browserstack.PercyFactory.a(com.browserstack.config.BrowserStackConfig)" is null.
03:08:24.180 [Thread-0] INFO  c.browserstack.utils.LogReportingAPI - Visit https://observability.browserstack.com/builds/iot3nien6wqawfeby6lg8l7dcfj6iziz1h5yjv1c to view build report, insights, and many more debugging information all at one place!

03:08:24.180 [Thread-0] INFO  c.b.config.BrowserStackConfig - INFO
03:08:25.900 [Thread-0] INFO  c.browserstack.BrowserStackJavaAgent - SDK run ended for id: 4eaaab6b-e01b-4a80-b9d6-7674bff4d052, testhub id: iot3nien6wqawfeby6lg8l7dcfj6iziz1h5yjv1c
03:08:25.900 [Thread-0] INFO  c.b.config.BrowserStackConfig - INFO
03:13:03.887 [main] INFO  c.browserstack.BrowserStackJavaAgent - Selenium version detected - 4.16.1
03:13:03.887 [main] INFO  c.browserstack.BrowserStackJavaAgent - Appium version detected - 9.0.0
03:13:03.966 [main] DEBUG c.b.config.BrowserStackConfig - Cli Config passed - {basedir=/Users/siddhirao/Documents/SidProjects/smartTV/browserstack-example-smartTV-appium-java, user.dir=/Users/siddhirao/Documents/SidProjects/smartTV/browserstack-example-smartTV-appium-java, localrepository=/Users/siddhirao/.m2/repository}
03:13:03.966 [main] INFO  c.browserstack.utils.UtilityMethods - BrowserStack Yml Detected : /Users/siddhirao/Documents/SidProjects/smartTV/browserstack-example-smartTV-appium-java/src/resources/conf/browserstack-amazonFireTV.yml
03:13:03.995 [main] INFO  c.b.config.BrowserStackConfig - Detected Framework testng
03:13:03.999 [main] INFO  c.b.config.BrowserStackConfig - Setting value of testObservability as specified in your browserstack.yml to true
03:13:04.127 [main] INFO  c.browserstack.BrowserStackJavaAgent - Using app: [bs://60900b07f2a370ebb40da7293ad873c4e96a2f97]
03:13:04.127 [main] INFO  c.browserstack.BrowserStackJavaAgent - Framework set to testng
03:13:04.128 [main] INFO  c.browserstack.BrowserStackJavaAgent - SDK run started with id: b22d9761-4795-4e39-8f04-d87a5151a8a3
03:13:04.128 [main] INFO  c.b.config.BrowserStackConfig - INFO
03:13:06.459 [main] INFO  c.browserstack.BrowserStackJavaAgent - Project and debug logs are captured by default. To disable, set disableAutoCaptureLogs: true in config.
03:13:07.379 [main] INFO  com.browserstack.testOps.Listener - Testhub started with id: 6qztyhag6whs1tzbmxrowwcp2xcqy6gw1issvk3u
03:13:07.380 [main] INFO  c.b.config.BrowserStackConfig - INFO
03:13:07.380 [main] INFO  c.browserstack.BrowserStackJavaAgent - Starting Percy......
03:13:07.724 [main] ERROR com.browserstack.PercyFactory - Error fetching percy token for project : %s.
java.lang.IllegalArgumentException: No enum constant com.browserstack.percy.PercyCaptureMode.NULL
	at java.base/java.lang.Enum.valueOf(Enum.java:273)
	at com.browserstack.percy.PercyCaptureMode.valueOf(Unknown Source)
	at com.browserstack.percy.PercyCaptureMode.fromString(Unknown Source)
	at com.browserstack.PercyFactory.a(Unknown Source)
	at com.browserstack.PercyFactory.<init>(Unknown Source)
	at com.browserstack.PercyFactory.a(Unknown Source)
	at com.browserstack.PercyFactory.a(Unknown Source)
	at com.browserstack.PercyFactory.createInstance(Unknown Source)
	at com.browserstack.BrowserStackJavaAgent.b(Unknown Source)
	at com.browserstack.BrowserStackJavaAgent.a(Unknown Source)
	at com.browserstack.BrowserStackJavaAgent.startBrowserStackAgent(Unknown Source)
	at com.browserstack.BrowserStackJavaAgent.premain(Unknown Source)
	at java.base/jdk.internal.reflect.NativeMethodAccessorImpl.invoke0(Native Method)
	at java.base/jdk.internal.reflect.NativeMethodAccessorImpl.invoke(NativeMethodAccessorImpl.java:77)
	at java.base/jdk.internal.reflect.DelegatingMethodAccessorImpl.invoke(DelegatingMethodAccessorImpl.java:43)
	at java.base/java.lang.reflect.Method.invoke(Method.java:568)
	at java.instrument/sun.instrument.InstrumentationImpl.loadClassAndStartAgent(InstrumentationImpl.java:491)
	at java.instrument/sun.instrument.InstrumentationImpl.loadClassAndCallPremain(InstrumentationImpl.java:503)
03:13:07.725 [main] ERROR com.browserstack.PercyFactory - Initialization of percy failed java.lang.NullPointerException: Cannot invoke "String.split(String)" because the return value of "com.browserstack.PercyFactory.a(com.browserstack.config.BrowserStackConfig)" is null.
03:15:00.701 [Thread-0] INFO  c.browserstack.utils.LogReportingAPI - Visit https://observability.browserstack.com/builds/6qztyhag6whs1tzbmxrowwcp2xcqy6gw1issvk3u to view build report, insights, and many more debugging information all at one place!

03:15:00.702 [Thread-0] INFO  c.b.config.BrowserStackConfig - INFO
03:15:03.184 [Thread-0] INFO  c.browserstack.utils.UtilityMethods - View build on BrowserStack dashboard: https://app-automate.browserstack.com/dashboard/v2/builds/8d2cf16cf8ccc519cbb81174e2fa52dc46f4422e
03:15:03.184 [Thread-0] INFO  c.b.config.BrowserStackConfig - INFO
03:15:03.201 [Thread-0] INFO  c.browserstack.BrowserStackJavaAgent - SDK run ended for id: b22d9761-4795-4e39-8f04-d87a5151a8a3, testhub id: 6qztyhag6whs1tzbmxrowwcp2xcqy6gw1issvk3u
03:15:03.201 [Thread-0] INFO  c.b.config.BrowserStackConfig - INFO
03:18:01.794 [main] INFO  c.browserstack.BrowserStackJavaAgent - Selenium version detected - 4.16.1
03:18:01.794 [main] INFO  c.browserstack.BrowserStackJavaAgent - Appium version detected - 9.0.0
03:18:01.876 [main] DEBUG c.b.config.BrowserStackConfig - Cli Config passed - {basedir=/Users/siddhirao/Documents/SidProjects/smartTV/browserstack-example-smartTV-appium-java, user.dir=/Users/siddhirao/Documents/SidProjects/smartTV/browserstack-example-smartTV-appium-java, localrepository=/Users/siddhirao/.m2/repository}
03:18:01.877 [main] INFO  c.browserstack.utils.UtilityMethods - BrowserStack Yml Detected : /Users/siddhirao/Documents/SidProjects/smartTV/browserstack-example-smartTV-appium-java/src/resources/conf/browserstack-amazonFireTV.yml
03:18:01.902 [main] INFO  c.b.config.BrowserStackConfig - Detected Framework testng
03:18:01.906 [main] INFO  c.b.config.BrowserStackConfig - Setting value of testObservability as specified in your browserstack.yml to true
03:18:02.037 [main] INFO  c.browserstack.BrowserStackJavaAgent - Using app: [bs://60900b07f2a370ebb40da7293ad873c4e96a2f97]
03:18:02.037 [main] INFO  c.browserstack.BrowserStackJavaAgent - Framework set to testng
03:18:02.038 [main] INFO  c.browserstack.BrowserStackJavaAgent - SDK run started with id: 6f24877a-89dc-4368-8a88-3d0675d65882
03:18:02.038 [main] INFO  c.b.config.BrowserStackConfig - INFO
03:18:05.239 [main] INFO  c.browserstack.BrowserStackJavaAgent - Project and debug logs are captured by default. To disable, set disableAutoCaptureLogs: true in config.
03:18:06.160 [main] INFO  com.browserstack.testOps.Listener - Testhub started with id: urjhjqirykrtfh192cpw9ef11ibd7ssvrdu17opk
03:18:06.160 [main] INFO  c.b.config.BrowserStackConfig - INFO
03:18:06.161 [main] INFO  c.browserstack.BrowserStackJavaAgent - Starting Percy......
03:18:17.006 [Thread-7] INFO  com.browserstack.percy.Percy - Percy started successfully
03:20:07.632 [Thread-0] INFO  c.browserstack.utils.LogReportingAPI - Visit https://observability.browserstack.com/builds/urjhjqirykrtfh192cpw9ef11ibd7ssvrdu17opk to view build report, insights, and many more debugging information all at one place!

03:20:07.632 [Thread-0] INFO  c.b.config.BrowserStackConfig - INFO
03:20:11.013 [Thread-0] INFO  com.browserstack.PercyFactory - Percy stopped successfully
03:20:12.679 [Thread-0] INFO  c.browserstack.utils.UtilityMethods - View build on BrowserStack dashboard: https://app-automate.browserstack.com/dashboard/v2/builds/404fdeba4000da8c1e5c70e00c01599d48c7d63a
03:20:12.679 [Thread-0] INFO  c.b.config.BrowserStackConfig - INFO
03:20:12.690 [Thread-0] INFO  c.browserstack.BrowserStackJavaAgent - SDK run ended for id: 6f24877a-89dc-4368-8a88-3d0675d65882, testhub id: urjhjqirykrtfh192cpw9ef11ibd7ssvrdu17opk
03:20:12.690 [Thread-0] INFO  c.b.config.BrowserStackConfig - INFO
03:22:10.317 [main] INFO  c.browserstack.BrowserStackJavaAgent - Selenium version detected - 4.16.1
03:22:10.317 [main] INFO  c.browserstack.BrowserStackJavaAgent - Appium version detected - 9.0.0
03:22:10.400 [main] DEBUG c.b.config.BrowserStackConfig - Cli Config passed - {basedir=/Users/siddhirao/Documents/SidProjects/smartTV/browserstack-example-smartTV-appium-java, user.dir=/Users/siddhirao/Documents/SidProjects/smartTV/browserstack-example-smartTV-appium-java, localrepository=/Users/siddhirao/.m2/repository}
03:22:10.401 [main] INFO  c.browserstack.utils.UtilityMethods - BrowserStack Yml Detected : /Users/siddhirao/Documents/SidProjects/smartTV/browserstack-example-smartTV-appium-java/src/resources/conf/browserstack-amazonFireTV.yml
03:22:10.431 [main] INFO  c.b.config.BrowserStackConfig - Detected Framework testng
03:22:10.434 [main] INFO  c.b.config.BrowserStackConfig - Setting value of testObservability as specified in your browserstack.yml to true
03:22:10.566 [main] INFO  c.browserstack.BrowserStackJavaAgent - Using app: [bs://60900b07f2a370ebb40da7293ad873c4e96a2f97]
03:22:10.566 [main] INFO  c.browserstack.BrowserStackJavaAgent - Framework set to testng
03:22:10.567 [main] INFO  c.browserstack.BrowserStackJavaAgent - SDK run started with id: 39175856-d56c-4ea3-a70d-9c51f2a8fd1f
03:22:10.567 [main] INFO  c.b.config.BrowserStackConfig - INFO
03:22:13.642 [main] INFO  c.browserstack.BrowserStackJavaAgent - Project and debug logs are captured by default. To disable, set disableAutoCaptureLogs: true in config.
03:22:14.784 [main] INFO  com.browserstack.testOps.Listener - Testhub started with id: sgqapw1bdmhoc7r3mdt2eetpahz4mfvyl5e95ijv
03:22:14.784 [main] INFO  c.b.config.BrowserStackConfig - INFO
03:22:14.784 [main] INFO  c.browserstack.BrowserStackJavaAgent - Starting Percy......
03:22:26.647 [Thread-7] INFO  com.browserstack.percy.Percy - Percy started successfully
03:24:17.990 [Thread-0] INFO  c.browserstack.utils.LogReportingAPI - Visit https://observability.browserstack.com/builds/sgqapw1bdmhoc7r3mdt2eetpahz4mfvyl5e95ijv to view build report, insights, and many more debugging information all at one place!

03:24:17.991 [Thread-0] INFO  c.b.config.BrowserStackConfig - INFO
03:24:21.323 [Thread-0] INFO  com.browserstack.PercyFactory - Percy stopped successfully
03:24:23.524 [Thread-0] INFO  c.browserstack.utils.UtilityMethods - View build on BrowserStack dashboard: https://app-automate.browserstack.com/dashboard/v2/builds/d8597a5f3135363e22a7ac7a51eb42b38f3876ec
03:24:23.524 [Thread-0] INFO  c.b.config.BrowserStackConfig - INFO
03:24:23.547 [Thread-0] INFO  c.browserstack.BrowserStackJavaAgent - SDK run ended for id: 39175856-d56c-4ea3-a70d-9c51f2a8fd1f, testhub id: sgqapw1bdmhoc7r3mdt2eetpahz4mfvyl5e95ijv
03:24:23.548 [Thread-0] INFO  c.b.config.BrowserStackConfig - INFO
03:33:16.720 [main] INFO  c.browserstack.BrowserStackJavaAgent - Selenium version detected - 4.16.1
03:33:16.721 [main] INFO  c.browserstack.BrowserStackJavaAgent - Appium version detected - 9.0.0
03:33:16.828 [main] DEBUG c.b.config.BrowserStackConfig - Cli Config passed - {basedir=/Users/siddhirao/Documents/SidProjects/smartTV/browserstack-example-smartTV-appium-java, user.dir=/Users/siddhirao/Documents/SidProjects/smartTV/browserstack-example-smartTV-appium-java, localrepository=/Users/siddhirao/.m2/repository}
03:33:16.828 [main] INFO  c.browserstack.utils.UtilityMethods - BrowserStack Yml Detected : /Users/siddhirao/Documents/SidProjects/smartTV/browserstack-example-smartTV-appium-java/browserstack.yml
03:33:16.857 [main] INFO  c.b.config.BrowserStackConfig - Detected Framework testng
03:33:16.860 [main] INFO  c.b.config.BrowserStackConfig - Setting value of testObservability as specified in your browserstack.yml to true
03:33:16.998 [main] INFO  c.browserstack.BrowserStackJavaAgent - Using app: [bs://b359a0393ae2b96b331c26a80a5395b530375dae]
03:33:16.998 [main] INFO  c.browserstack.BrowserStackJavaAgent - Framework set to testng
03:33:17.000 [main] INFO  c.browserstack.BrowserStackJavaAgent - SDK run started with id: 61e416c0-ddc7-430c-b2aa-5f314036941d
03:33:17.000 [main] INFO  c.b.config.BrowserStackConfig - INFO
03:33:19.574 [main] INFO  c.browserstack.BrowserStackJavaAgent - Project and debug logs are captured by default. To disable, set disableAutoCaptureLogs: true in config.
03:33:20.459 [main] INFO  com.browserstack.testOps.Listener - Testhub started with id: so9rnrwn9brfe54cnzlusahqcciwtsi4fsuyoksb
03:33:20.460 [main] INFO  c.b.config.BrowserStackConfig - INFO
03:33:20.460 [main] INFO  c.browserstack.BrowserStackJavaAgent - Starting Percy......
03:33:20.772 [main] ERROR com.browserstack.PercyFactory - Error fetching percy token for project : %s.
java.lang.IllegalArgumentException: No enum constant com.browserstack.percy.PercyCaptureMode.NULL
	at java.base/java.lang.Enum.valueOf(Enum.java:273)
	at com.browserstack.percy.PercyCaptureMode.valueOf(Unknown Source)
	at com.browserstack.percy.PercyCaptureMode.fromString(Unknown Source)
	at com.browserstack.PercyFactory.a(Unknown Source)
	at com.browserstack.PercyFactory.<init>(Unknown Source)
	at com.browserstack.PercyFactory.a(Unknown Source)
	at com.browserstack.PercyFactory.a(Unknown Source)
	at com.browserstack.PercyFactory.createInstance(Unknown Source)
	at com.browserstack.BrowserStackJavaAgent.b(Unknown Source)
	at com.browserstack.BrowserStackJavaAgent.a(Unknown Source)
	at com.browserstack.BrowserStackJavaAgent.startBrowserStackAgent(Unknown Source)
	at com.browserstack.BrowserStackJavaAgent.premain(Unknown Source)
	at java.base/jdk.internal.reflect.NativeMethodAccessorImpl.invoke0(Native Method)
	at java.base/jdk.internal.reflect.NativeMethodAccessorImpl.invoke(NativeMethodAccessorImpl.java:77)
	at java.base/jdk.internal.reflect.DelegatingMethodAccessorImpl.invoke(DelegatingMethodAccessorImpl.java:43)
	at java.base/java.lang.reflect.Method.invoke(Method.java:568)
	at java.instrument/sun.instrument.InstrumentationImpl.loadClassAndStartAgent(InstrumentationImpl.java:491)
	at java.instrument/sun.instrument.InstrumentationImpl.loadClassAndCallPremain(InstrumentationImpl.java:503)
03:33:20.772 [main] ERROR com.browserstack.PercyFactory - Initialization of percy failed java.lang.NullPointerException: Cannot invoke "String.split(String)" because the return value of "com.browserstack.PercyFactory.a(com.browserstack.config.BrowserStackConfig)" is null.
03:33:21.205 [Thread-0] INFO  c.browserstack.utils.LogReportingAPI - Visit https://observability.browserstack.com/builds/so9rnrwn9brfe54cnzlusahqcciwtsi4fsuyoksb to view build report, insights, and many more debugging information all at one place!

03:33:21.205 [Thread-0] INFO  c.b.config.BrowserStackConfig - INFO
03:33:23.512 [Thread-0] INFO  c.browserstack.BrowserStackJavaAgent - SDK run ended for id: 61e416c0-ddc7-430c-b2aa-5f314036941d, testhub id: so9rnrwn9brfe54cnzlusahqcciwtsi4fsuyoksb
03:33:23.512 [Thread-0] INFO  c.b.config.BrowserStackConfig - INFO
03:37:14.175 [main] INFO  c.browserstack.BrowserStackJavaAgent - Selenium version detected - 4.16.1
03:37:14.176 [main] INFO  c.browserstack.BrowserStackJavaAgent - Appium version detected - 9.0.0
03:37:14.427 [main] DEBUG c.b.config.BrowserStackConfig - Cli Config passed - {basedir=/Users/siddhirao/Documents/SidProjects/smartTV/browserstack-example-smartTV-appium-java, user.dir=/Users/siddhirao/Documents/SidProjects/smartTV/browserstack-example-smartTV-appium-java, localrepository=/Users/siddhirao/.m2/repository}
03:37:14.428 [main] INFO  c.browserstack.utils.UtilityMethods - BrowserStack Yml Detected : /Users/siddhirao/Documents/SidProjects/smartTV/browserstack-example-smartTV-appium-java/src/resources/conf/browserstack-amazonFireTV.yml
03:37:14.482 [main] INFO  c.b.config.BrowserStackConfig - Detected Framework testng
03:37:14.492 [main] INFO  c.b.config.BrowserStackConfig - Setting value of testObservability as specified in your browserstack.yml to true
03:37:14.808 [main] INFO  c.browserstack.BrowserStackJavaAgent - Using app: [bs://60900b07f2a370ebb40da7293ad873c4e96a2f97]
03:37:14.808 [main] INFO  c.browserstack.BrowserStackJavaAgent - Framework set to testng
03:37:14.812 [main] INFO  c.browserstack.BrowserStackJavaAgent - SDK run started with id: ff277be4-85b9-44b5-ba24-ef283b0f28ee
03:37:14.812 [main] INFO  c.b.config.BrowserStackConfig - INFO
03:37:17.238 [main] INFO  c.browserstack.BrowserStackJavaAgent - Project and debug logs are captured by default. To disable, set disableAutoCaptureLogs: true in config.
03:37:18.477 [main] INFO  com.browserstack.testOps.Listener - Testhub started with id: tlux0h8kokn7b4rxygpcjfvhmnnmwmuclhphftbt
03:37:18.477 [main] INFO  c.b.config.BrowserStackConfig - INFO
03:37:18.478 [main] INFO  c.browserstack.BrowserStackJavaAgent - Starting Percy......
03:37:34.542 [Thread-7] INFO  com.browserstack.percy.Percy - Percy started successfully
03:39:31.995 [Thread-0] INFO  c.browserstack.utils.LogReportingAPI - Visit https://observability.browserstack.com/builds/tlux0h8kokn7b4rxygpcjfvhmnnmwmuclhphftbt to view build report, insights, and many more debugging information all at one place!

03:39:31.996 [Thread-0] INFO  c.b.config.BrowserStackConfig - INFO
03:39:36.516 [Thread-0] INFO  com.browserstack.PercyFactory - Percy stopped successfully
03:39:38.510 [Thread-0] INFO  c.browserstack.utils.UtilityMethods - View build on BrowserStack dashboard: https://app-automate.browserstack.com/dashboard/v2/builds/72882df9c8b7c2f54972090e1cc06cb92b7da56f
03:39:38.511 [Thread-0] INFO  c.b.config.BrowserStackConfig - INFO
03:39:38.527 [Thread-0] INFO  c.browserstack.BrowserStackJavaAgent - SDK run ended for id: ff277be4-85b9-44b5-ba24-ef283b0f28ee, testhub id: tlux0h8kokn7b4rxygpcjfvhmnnmwmuclhphftbt
03:39:38.527 [Thread-0] INFO  c.b.config.BrowserStackConfig - INFO
03:45:28.439 [main] INFO  c.browserstack.BrowserStackJavaAgent - Selenium version detected - 4.16.1
03:45:28.439 [main] INFO  c.browserstack.BrowserStackJavaAgent - Appium version detected - 9.0.0
03:45:28.538 [main] DEBUG c.b.config.BrowserStackConfig - Cli Config passed - {basedir=/Users/siddhirao/Documents/SidProjects/smartTV/browserstack-example-smartTV-appium-java, user.dir=/Users/siddhirao/Documents/SidProjects/smartTV/browserstack-example-smartTV-appium-java, localrepository=/Users/siddhirao/.m2/repository}
03:45:28.538 [main] INFO  c.browserstack.utils.UtilityMethods - BrowserStack Yml Detected : /Users/siddhirao/Documents/SidProjects/smartTV/browserstack-example-smartTV-appium-java/src/resources/conf/browserstack-amazonFireTV.yml
03:45:28.579 [main] INFO  c.b.config.BrowserStackConfig - Detected Framework testng
03:45:28.587 [main] INFO  c.b.config.BrowserStackConfig - Setting value of testObservability as specified in your browserstack.yml to true
03:45:28.729 [main] INFO  c.browserstack.BrowserStackJavaAgent - Using app: [bs://60900b07f2a370ebb40da7293ad873c4e96a2f97]
03:45:28.729 [main] INFO  c.browserstack.BrowserStackJavaAgent - Framework set to testng
03:45:28.730 [main] INFO  c.browserstack.BrowserStackJavaAgent - SDK run started with id: d62a45c0-aa97-4f44-93da-c18af0e88fcc
03:45:28.730 [main] INFO  c.b.config.BrowserStackConfig - INFO
03:45:31.168 [main] INFO  c.browserstack.BrowserStackJavaAgent - Project and debug logs are captured by default. To disable, set disableAutoCaptureLogs: true in config.
03:45:32.189 [main] INFO  com.browserstack.testOps.Listener - Testhub started with id: bdmshkqsbpdd9lkrr7zpp8vl6jk0kd05h14npgd5
03:45:32.189 [main] INFO  c.b.config.BrowserStackConfig - INFO
03:45:32.191 [main] INFO  c.browserstack.BrowserStackJavaAgent - Starting Percy......
03:45:43.764 [Thread-7] INFO  com.browserstack.percy.Percy - Percy started successfully
03:47:38.847 [Thread-0] INFO  c.browserstack.utils.LogReportingAPI - Visit https://observability.browserstack.com/builds/bdmshkqsbpdd9lkrr7zpp8vl6jk0kd05h14npgd5 to view build report, insights, and many more debugging information all at one place!

03:47:38.847 [Thread-0] INFO  c.b.config.BrowserStackConfig - INFO
03:47:42.275 [Thread-0] INFO  com.browserstack.PercyFactory - Percy stopped successfully
03:47:44.146 [Thread-0] INFO  c.browserstack.utils.UtilityMethods - View build on BrowserStack dashboard: https://app-automate.browserstack.com/dashboard/v2/builds/790054e4f731363fba5bcc6c3aa869b617038664
03:47:44.151 [Thread-0] INFO  c.b.config.BrowserStackConfig - INFO
03:47:44.177 [Thread-0] INFO  c.browserstack.BrowserStackJavaAgent - SDK run ended for id: d62a45c0-aa97-4f44-93da-c18af0e88fcc, testhub id: bdmshkqsbpdd9lkrr7zpp8vl6jk0kd05h14npgd5
03:47:44.177 [Thread-0] INFO  c.b.config.BrowserStackConfig - INFO
03:49:42.804 [main] INFO  c.browserstack.BrowserStackJavaAgent - Selenium version detected - 4.16.1
03:49:42.805 [main] INFO  c.browserstack.BrowserStackJavaAgent - Appium version detected - 9.0.0
03:49:42.900 [main] DEBUG c.b.config.BrowserStackConfig - Cli Config passed - {basedir=/Users/siddhirao/Documents/SidProjects/smartTV/browserstack-example-smartTV-appium-java, user.dir=/Users/siddhirao/Documents/SidProjects/smartTV/browserstack-example-smartTV-appium-java, localrepository=/Users/siddhirao/.m2/repository}
03:49:42.901 [main] INFO  c.browserstack.utils.UtilityMethods - BrowserStack Yml Detected : /Users/siddhirao/Documents/SidProjects/smartTV/browserstack-example-smartTV-appium-java/src/resources/conf/browserstack-amazonFireTV.yml
03:49:42.929 [main] INFO  c.b.config.BrowserStackConfig - Detected Framework testng
03:49:42.934 [main] INFO  c.b.config.BrowserStackConfig - Setting value of testObservability as specified in your browserstack.yml to true
03:49:43.099 [main] INFO  c.browserstack.BrowserStackJavaAgent - Using app: [bs://60900b07f2a370ebb40da7293ad873c4e96a2f97]
03:49:43.099 [main] INFO  c.browserstack.BrowserStackJavaAgent - Framework set to testng
03:49:43.101 [main] INFO  c.browserstack.BrowserStackJavaAgent - SDK run started with id: 43b345f0-c06c-4272-8696-c22f4f799876
03:49:43.101 [main] INFO  c.b.config.BrowserStackConfig - INFO
03:49:45.503 [main] INFO  c.browserstack.BrowserStackJavaAgent - Project and debug logs are captured by default. To disable, set disableAutoCaptureLogs: true in config.
03:49:46.534 [main] INFO  com.browserstack.testOps.Listener - Testhub started with id: nc8boa8wssqrb5hxpmqidtdolbmfpo2zeakjh4wt
03:49:46.535 [main] INFO  c.b.config.BrowserStackConfig - INFO
03:49:46.535 [main] INFO  c.browserstack.BrowserStackJavaAgent - Starting Percy......
03:49:58.353 [Thread-7] INFO  com.browserstack.percy.Percy - Percy started successfully
03:50:44.876 [Thread-0] INFO  c.browserstack.utils.LogReportingAPI - Visit https://observability.browserstack.com/builds/nc8boa8wssqrb5hxpmqidtdolbmfpo2zeakjh4wt to view build report, insights, and many more debugging information all at one place!

03:50:44.877 [Thread-0] INFO  c.b.config.BrowserStackConfig - INFO
03:50:50.385 [Thread-0] INFO  com.browserstack.PercyFactory - Percy stopped successfully
03:50:52.153 [Thread-0] INFO  c.browserstack.utils.UtilityMethods - View build on BrowserStack dashboard: https://app-automate.browserstack.com/dashboard/v2/builds/cc2bdb9a90272087f400dfc4fb94a2d4f0a18031
03:50:52.153 [Thread-0] INFO  c.b.config.BrowserStackConfig - INFO
03:50:52.160 [Thread-0] INFO  c.browserstack.BrowserStackJavaAgent - SDK run ended for id: 43b345f0-c06c-4272-8696-c22f4f799876, testhub id: nc8boa8wssqrb5hxpmqidtdolbmfpo2zeakjh4wt
03:50:52.160 [Thread-0] INFO  c.b.config.BrowserStackConfig - INFO
03:53:13.359 [main] INFO  c.browserstack.BrowserStackJavaAgent - Selenium version detected - 4.16.1
03:53:13.360 [main] INFO  c.browserstack.BrowserStackJavaAgent - Appium version detected - 9.0.0
03:53:13.458 [main] DEBUG c.b.config.BrowserStackConfig - Cli Config passed - {basedir=/Users/siddhirao/Documents/SidProjects/smartTV/browserstack-example-smartTV-appium-java, user.dir=/Users/siddhirao/Documents/SidProjects/smartTV/browserstack-example-smartTV-appium-java, localrepository=/Users/siddhirao/.m2/repository}
03:53:13.458 [main] INFO  c.browserstack.utils.UtilityMethods - BrowserStack Yml Detected : /Users/siddhirao/Documents/SidProjects/smartTV/browserstack-example-smartTV-appium-java/src/resources/conf/browserstack-amazonFireTV.yml
03:53:13.489 [main] INFO  c.b.config.BrowserStackConfig - Detected Framework testng
03:53:13.493 [main] INFO  c.b.config.BrowserStackConfig - Setting value of testObservability as specified in your browserstack.yml to true
03:53:13.822 [main] INFO  c.browserstack.BrowserStackJavaAgent - Using app: [bs://60900b07f2a370ebb40da7293ad873c4e96a2f97]
03:53:13.822 [main] INFO  c.browserstack.BrowserStackJavaAgent - Framework set to testng
03:53:13.824 [main] INFO  c.browserstack.BrowserStackJavaAgent - SDK run started with id: 105c5066-8bdb-4192-8610-e02a12ceea80
03:53:13.824 [main] INFO  c.b.config.BrowserStackConfig - INFO
03:53:16.198 [main] INFO  c.browserstack.BrowserStackJavaAgent - Project and debug logs are captured by default. To disable, set disableAutoCaptureLogs: true in config.
03:53:17.537 [main] INFO  com.browserstack.testOps.Listener - Testhub started with id: 4ixw4vgfhchu6jjlsyojuurqmoujfslcpxfqxrhx
03:53:17.537 [main] INFO  c.b.config.BrowserStackConfig - INFO
03:53:17.537 [main] INFO  c.browserstack.BrowserStackJavaAgent - Starting Percy......
03:53:29.819 [Thread-7] INFO  com.browserstack.percy.Percy - Percy started successfully
03:55:30.122 [Thread-0] INFO  c.browserstack.utils.LogReportingAPI - Visit https://observability.browserstack.com/builds/4ixw4vgfhchu6jjlsyojuurqmoujfslcpxfqxrhx to view build report, insights, and many more debugging information all at one place!

03:55:30.123 [Thread-0] INFO  c.b.config.BrowserStackConfig - INFO
03:55:33.415 [Thread-0] INFO  com.browserstack.PercyFactory - Percy stopped successfully
03:55:35.042 [Thread-0] INFO  c.browserstack.utils.UtilityMethods - View build on BrowserStack dashboard: https://app-automate.browserstack.com/dashboard/v2/builds/abda79ba333f949e3b90d6759ae5379ee7659d95
03:55:35.042 [Thread-0] INFO  c.b.config.BrowserStackConfig - INFO
03:55:35.050 [Thread-0] INFO  c.browserstack.BrowserStackJavaAgent - SDK run ended for id: 105c5066-8bdb-4192-8610-e02a12ceea80, testhub id: 4ixw4vgfhchu6jjlsyojuurqmoujfslcpxfqxrhx
03:55:35.050 [Thread-0] INFO  c.b.config.BrowserStackConfig - INFO
02:07:59.161 [main] INFO  c.browserstack.BrowserStackJavaAgent - Selenium version detected - 4.16.1
02:07:59.161 [main] INFO  c.browserstack.BrowserStackJavaAgent - Appium version detected - 9.0.0
02:07:59.240 [main] DEBUG c.b.config.BrowserStackConfig - Cli Config passed - {basedir=/Users/siddhirao/Documents/SidProjects/smartTV/browserstack-example-smartTV-appium-java, user.dir=/Users/siddhirao/Documents/SidProjects/smartTV/browserstack-example-smartTV-appium-java, localrepository=/Users/siddhirao/.m2/repository}
02:07:59.240 [main] INFO  c.browserstack.utils.UtilityMethods - BrowserStack Yml Detected : /Users/siddhirao/Documents/SidProjects/smartTV/browserstack-example-smartTV-appium-java/src/resources/conf/browserstack-amazonFireTV.yml
02:07:59.265 [main] INFO  c.b.config.BrowserStackConfig - Detected Framework testng
02:07:59.268 [main] INFO  c.b.config.BrowserStackConfig - Setting value of testObservability as specified in your browserstack.yml to true
02:07:59.375 [main] INFO  c.browserstack.BrowserStackJavaAgent - Using app: [bs://60900b07f2a370ebb40da7293ad873c4e96a2f97]
02:07:59.375 [main] INFO  c.browserstack.BrowserStackJavaAgent - Framework set to testng
02:07:59.377 [main] INFO  c.browserstack.BrowserStackJavaAgent - SDK run started with id: a5b916be-ae43-4f93-b828-17ae5a44bdda
02:07:59.377 [main] INFO  c.b.config.BrowserStackConfig - INFO
02:08:01.818 [main] INFO  c.browserstack.BrowserStackJavaAgent - Project and debug logs are captured by default. To disable, set disableAutoCaptureLogs: true in config.
02:08:02.831 [main] INFO  com.browserstack.testOps.Listener - Testhub started with id: qpvsniw18f1q1bfk05zp6ivnfosy6erifclw3eus
02:08:02.832 [main] INFO  c.b.config.BrowserStackConfig - INFO
02:08:02.832 [main] INFO  c.browserstack.BrowserStackJavaAgent - Starting Percy......
02:08:03.163 [main] ERROR com.browserstack.PercyFactory - Initialization of percy failed java.lang.Exception: Could not get percy token.
02:10:47.607 [Thread-0] INFO  c.browserstack.utils.LogReportingAPI - Visit https://observability.browserstack.com/builds/qpvsniw18f1q1bfk05zp6ivnfosy6erifclw3eus to view build report, insights, and many more debugging information all at one place!

02:10:47.607 [Thread-0] INFO  c.b.config.BrowserStackConfig - INFO
02:10:49.428 [Thread-0] INFO  c.browserstack.utils.UtilityMethods - View build on BrowserStack dashboard: https://app-automate.browserstack.com/dashboard/v2/builds/5deab8be0d45fc43aa7a4d14aadda2389520344d
02:10:49.428 [Thread-0] INFO  c.b.config.BrowserStackConfig - INFO
02:10:49.443 [Thread-0] INFO  c.browserstack.BrowserStackJavaAgent - SDK run ended for id: a5b916be-ae43-4f93-b828-17ae5a44bdda, testhub id: qpvsniw18f1q1bfk05zp6ivnfosy6erifclw3eus
02:10:49.443 [Thread-0] INFO  c.b.config.BrowserStackConfig - INFO
02:16:39.563 [main] INFO  c.browserstack.BrowserStackJavaAgent - Selenium version detected - 4.16.1
02:16:39.563 [main] INFO  c.browserstack.BrowserStackJavaAgent - Appium version detected - 9.0.0
02:16:39.640 [main] DEBUG c.b.config.BrowserStackConfig - Cli Config passed - {basedir=/Users/siddhirao/Documents/SidProjects/smartTV/browserstack-example-smartTV-appium-java, user.dir=/Users/siddhirao/Documents/SidProjects/smartTV/browserstack-example-smartTV-appium-java, localrepository=/Users/siddhirao/.m2/repository}
02:16:39.640 [main] INFO  c.browserstack.utils.UtilityMethods - BrowserStack Yml Detected : /Users/siddhirao/Documents/SidProjects/smartTV/browserstack-example-smartTV-appium-java/src/resources/conf/browserstack-amazonFireTV.yml
02:16:39.664 [main] INFO  c.b.config.BrowserStackConfig - Detected Framework testng
02:16:39.667 [main] INFO  c.b.config.BrowserStackConfig - Setting value of testObservability as specified in your browserstack.yml to true
02:16:39.795 [main] INFO  c.browserstack.BrowserStackJavaAgent - Using app: [bs://60900b07f2a370ebb40da7293ad873c4e96a2f97]
02:16:39.795 [main] INFO  c.browserstack.BrowserStackJavaAgent - Framework set to testng
02:16:39.796 [main] INFO  c.browserstack.BrowserStackJavaAgent - SDK run started with id: 2abe40c0-d096-49d9-be8c-f75c409bc1f5
02:16:39.796 [main] INFO  c.b.config.BrowserStackConfig - INFO
02:16:42.201 [main] INFO  c.browserstack.BrowserStackJavaAgent - Project and debug logs are captured by default. To disable, set disableAutoCaptureLogs: true in config.
02:16:43.389 [main] INFO  com.browserstack.testOps.Listener - Testhub started with id: kx4h8cuiiioi4eldjepz9lozhrbdfm1nca2xcpxl
02:16:43.390 [main] INFO  c.b.config.BrowserStackConfig - INFO
02:16:43.390 [main] INFO  c.browserstack.BrowserStackJavaAgent - Starting Percy......
02:16:44.365 [main] ERROR com.browserstack.PercyFactory - Initialization of percy failed java.lang.Exception: Could not get percy token.
02:19:30.734 [Thread-0] INFO  c.browserstack.utils.LogReportingAPI - Visit https://observability.browserstack.com/builds/kx4h8cuiiioi4eldjepz9lozhrbdfm1nca2xcpxl to view build report, insights, and many more debugging information all at one place!

02:19:30.735 [Thread-0] INFO  c.b.config.BrowserStackConfig - INFO
02:19:33.018 [Thread-0] INFO  c.browserstack.utils.UtilityMethods - View build on BrowserStack dashboard: https://app-automate.browserstack.com/dashboard/v2/builds/b5744072afc11cc05d5836be43dc5749ef4cd0f9
02:19:33.018 [Thread-0] INFO  c.b.config.BrowserStackConfig - INFO
02:19:33.034 [Thread-0] INFO  c.browserstack.BrowserStackJavaAgent - SDK run ended for id: 2abe40c0-d096-49d9-be8c-f75c409bc1f5, testhub id: kx4h8cuiiioi4eldjepz9lozhrbdfm1nca2xcpxl
02:19:33.034 [Thread-0] INFO  c.b.config.BrowserStackConfig - INFO
02:26:03.653 [main] INFO  c.browserstack.BrowserStackJavaAgent - Selenium version detected - 4.16.1
02:26:03.653 [main] INFO  c.browserstack.BrowserStackJavaAgent - Appium version detected - 9.0.0
02:26:03.733 [main] DEBUG c.b.config.BrowserStackConfig - Cli Config passed - {basedir=/Users/siddhirao/Documents/SidProjects/smartTV/browserstack-example-smartTV-appium-java, user.dir=/Users/siddhirao/Documents/SidProjects/smartTV/browserstack-example-smartTV-appium-java, localrepository=/Users/siddhirao/.m2/repository}
02:26:03.734 [main] INFO  c.browserstack.utils.UtilityMethods - BrowserStack Yml Detected : /Users/siddhirao/Documents/SidProjects/smartTV/browserstack-example-smartTV-appium-java/src/resources/conf/browserstack-amazonFireTV.yml
02:26:03.760 [main] INFO  c.b.config.BrowserStackConfig - Detected Framework testng
02:26:03.764 [main] INFO  c.b.config.BrowserStackConfig - Setting value of testObservability as specified in your browserstack.yml to true
02:26:03.892 [main] INFO  c.browserstack.BrowserStackJavaAgent - Using app: [bs://60900b07f2a370ebb40da7293ad873c4e96a2f97]
02:26:03.892 [main] INFO  c.browserstack.BrowserStackJavaAgent - Framework set to testng
02:26:03.893 [main] INFO  c.browserstack.BrowserStackJavaAgent - SDK run started with id: aa2bc11b-4d75-4785-b622-14175e1af79f
02:26:03.893 [main] INFO  c.b.config.BrowserStackConfig - INFO
02:26:06.482 [main] INFO  c.browserstack.BrowserStackJavaAgent - Project and debug logs are captured by default. To disable, set disableAutoCaptureLogs: true in config.
02:26:07.511 [main] INFO  com.browserstack.testOps.Listener - Testhub started with id: p8vjzercm5yf5aut1j6emaifuf2dl67mihsafn4x
02:26:07.511 [main] INFO  c.b.config.BrowserStackConfig - INFO
02:26:07.512 [main] INFO  c.browserstack.BrowserStackJavaAgent - Starting Percy......
02:26:07.835 [main] ERROR com.browserstack.PercyFactory - Initialization of percy failed java.lang.Exception: Could not get percy token.
02:29:19.979 [Thread-0] INFO  c.browserstack.utils.LogReportingAPI - Visit https://observability.browserstack.com/builds/p8vjzercm5yf5aut1j6emaifuf2dl67mihsafn4x to view build report, insights, and many more debugging information all at one place!

02:29:19.980 [Thread-0] INFO  c.b.config.BrowserStackConfig - INFO
02:29:22.043 [Thread-0] INFO  c.browserstack.utils.UtilityMethods - View build on BrowserStack dashboard: https://app-automate.browserstack.com/dashboard/v2/builds/dffc7a822a4180dbd1f8b0b004e4a646fd2f7866
02:29:22.043 [Thread-0] INFO  c.b.config.BrowserStackConfig - INFO
02:29:22.063 [Thread-0] INFO  c.browserstack.BrowserStackJavaAgent - SDK run ended for id: aa2bc11b-4d75-4785-b622-14175e1af79f, testhub id: p8vjzercm5yf5aut1j6emaifuf2dl67mihsafn4x
02:29:22.063 [Thread-0] INFO  c.b.config.BrowserStackConfig - INFO
02:30:21.133 [main] INFO  c.browserstack.BrowserStackJavaAgent - Selenium version detected - 4.16.1
02:30:21.134 [main] INFO  c.browserstack.BrowserStackJavaAgent - Appium version detected - 9.0.0
02:30:21.210 [main] DEBUG c.b.config.BrowserStackConfig - Cli Config passed - {basedir=/Users/siddhirao/Documents/SidProjects/smartTV/browserstack-example-smartTV-appium-java, user.dir=/Users/siddhirao/Documents/SidProjects/smartTV/browserstack-example-smartTV-appium-java, localrepository=/Users/siddhirao/.m2/repository}
02:30:21.210 [main] INFO  c.browserstack.utils.UtilityMethods - BrowserStack Yml Detected : /Users/siddhirao/Documents/SidProjects/smartTV/browserstack-example-smartTV-appium-java/src/resources/conf/browserstack-amazonFireTV.yml
02:30:21.235 [main] INFO  c.b.config.BrowserStackConfig - Detected Framework testng
02:30:21.238 [main] INFO  c.b.config.BrowserStackConfig - Setting value of testObservability as specified in your browserstack.yml to true
02:30:21.364 [main] INFO  c.browserstack.BrowserStackJavaAgent - Using app: [bs://60900b07f2a370ebb40da7293ad873c4e96a2f97]
02:30:21.364 [main] INFO  c.browserstack.BrowserStackJavaAgent - Framework set to testng
02:30:21.365 [main] INFO  c.browserstack.BrowserStackJavaAgent - SDK run started with id: 3963fec3-793f-48b0-b78a-9376bdb61ebf
02:30:21.365 [main] INFO  c.b.config.BrowserStackConfig - INFO
02:30:24.291 [main] INFO  c.browserstack.BrowserStackJavaAgent - Project and debug logs are captured by default. To disable, set disableAutoCaptureLogs: true in config.
02:30:25.249 [main] INFO  com.browserstack.testOps.Listener - Testhub started with id: ijn4kuzxgtm3htveab10e7hsmc0vjssdhfmasz4h
02:30:25.249 [main] INFO  c.b.config.BrowserStackConfig - INFO
02:30:25.250 [main] INFO  c.browserstack.BrowserStackJavaAgent - Starting Percy......
02:30:25.577 [main] ERROR com.browserstack.PercyFactory - Initialization of percy failed java.lang.Exception: Could not get percy token.
02:34:10.139 [Thread-0] INFO  c.browserstack.utils.LogReportingAPI - Visit https://observability.browserstack.com/builds/ijn4kuzxgtm3htveab10e7hsmc0vjssdhfmasz4h to view build report, insights, and many more debugging information all at one place!

02:34:10.140 [Thread-0] INFO  c.b.config.BrowserStackConfig - INFO
02:34:12.780 [Thread-0] INFO  c.browserstack.utils.UtilityMethods - View build on BrowserStack dashboard: https://app-automate.browserstack.com/dashboard/v2/builds/a059990a213615de54fd5e4ee7fac67f13bd4294
02:34:12.780 [Thread-0] INFO  c.b.config.BrowserStackConfig - INFO
02:34:12.794 [Thread-0] INFO  c.browserstack.BrowserStackJavaAgent - SDK run ended for id: 3963fec3-793f-48b0-b78a-9376bdb61ebf, testhub id: ijn4kuzxgtm3htveab10e7hsmc0vjssdhfmasz4h
02:34:12.794 [Thread-0] INFO  c.b.config.BrowserStackConfig - INFO
02:34:25.530 [main] INFO  c.browserstack.BrowserStackJavaAgent - Selenium version detected - 4.16.1
02:34:25.530 [main] INFO  c.browserstack.BrowserStackJavaAgent - Appium version detected - 9.0.0
02:34:25.664 [main] DEBUG c.b.config.BrowserStackConfig - Cli Config passed - {basedir=/Users/siddhirao/Documents/SidProjects/smartTV/browserstack-example-smartTV-appium-java, user.dir=/Users/siddhirao/Documents/SidProjects/smartTV/browserstack-example-smartTV-appium-java, localrepository=/Users/siddhirao/.m2/repository}
02:34:25.664 [main] INFO  c.browserstack.utils.UtilityMethods - BrowserStack Yml Detected : /Users/siddhirao/Documents/SidProjects/smartTV/browserstack-example-smartTV-appium-java/src/resources/conf/browserstack-amazonFireTV.yml
02:34:25.691 [main] INFO  c.b.config.BrowserStackConfig - Detected Framework testng
02:34:25.694 [main] INFO  c.b.config.BrowserStackConfig - Setting value of testObservability as specified in your browserstack.yml to true
02:34:25.829 [main] INFO  c.browserstack.BrowserStackJavaAgent - Using app: [bs://60900b07f2a370ebb40da7293ad873c4e96a2f97]
02:34:25.829 [main] INFO  c.browserstack.BrowserStackJavaAgent - Framework set to testng
02:34:25.830 [main] INFO  c.browserstack.BrowserStackJavaAgent - SDK run started with id: 756c1c62-fc0a-4955-a370-27ff083e8ba5
02:34:25.830 [main] INFO  c.b.config.BrowserStackConfig - INFO
02:34:28.754 [main] INFO  c.browserstack.BrowserStackJavaAgent - Project and debug logs are captured by default. To disable, set disableAutoCaptureLogs: true in config.
02:34:29.746 [main] INFO  com.browserstack.testOps.Listener - Testhub started with id: kqvyywmzwzvxeuxulu0zxsw4wkgm1ihr7h2n5jr5
02:34:29.746 [main] INFO  c.b.config.BrowserStackConfig - INFO
02:34:29.746 [main] INFO  c.browserstack.BrowserStackJavaAgent - Starting Percy......
02:34:30.082 [main] ERROR com.browserstack.PercyFactory - Initialization of percy failed java.lang.Exception: Could not get percy token.
02:37:18.871 [Thread-0] INFO  c.browserstack.utils.LogReportingAPI - Visit https://observability.browserstack.com/builds/kqvyywmzwzvxeuxulu0zxsw4wkgm1ihr7h2n5jr5 to view build report, insights, and many more debugging information all at one place!

02:37:18.871 [Thread-0] INFO  c.b.config.BrowserStackConfig - INFO
02:37:21.369 [Thread-0] INFO  c.browserstack.utils.UtilityMethods - View build on BrowserStack dashboard: https://app-automate.browserstack.com/dashboard/v2/builds/38df87b209348ea92706102d44ae0855219a4a08
02:37:21.369 [Thread-0] INFO  c.b.config.BrowserStackConfig - INFO
02:37:21.385 [Thread-0] INFO  c.browserstack.BrowserStackJavaAgent - SDK run ended for id: 756c1c62-fc0a-4955-a370-27ff083e8ba5, testhub id: kqvyywmzwzvxeuxulu0zxsw4wkgm1ihr7h2n5jr5
02:37:21.386 [Thread-0] INFO  c.b.config.BrowserStackConfig - INFO
02:39:01.309 [main] INFO  c.browserstack.BrowserStackJavaAgent - Selenium version detected - 4.16.1
02:39:01.310 [main] INFO  c.browserstack.BrowserStackJavaAgent - Appium version detected - 9.0.0
02:39:01.388 [main] DEBUG c.b.config.BrowserStackConfig - Cli Config passed - {basedir=/Users/siddhirao/Documents/SidProjects/smartTV/browserstack-example-smartTV-appium-java, user.dir=/Users/siddhirao/Documents/SidProjects/smartTV/browserstack-example-smartTV-appium-java, localrepository=/Users/siddhirao/.m2/repository}
02:39:01.388 [main] INFO  c.browserstack.utils.UtilityMethods - BrowserStack Yml Detected : /Users/siddhirao/Documents/SidProjects/smartTV/browserstack-example-smartTV-appium-java/src/resources/conf/browserstack-amazonFireTV.yml
02:39:01.412 [main] INFO  c.b.config.BrowserStackConfig - Detected Framework testng
02:39:01.415 [main] INFO  c.b.config.BrowserStackConfig - Setting value of testObservability as specified in your browserstack.yml to true
02:39:01.542 [main] INFO  c.browserstack.BrowserStackJavaAgent - Using app: [bs://60900b07f2a370ebb40da7293ad873c4e96a2f97]
02:39:01.543 [main] INFO  c.browserstack.BrowserStackJavaAgent - Framework set to testng
02:39:01.544 [main] INFO  c.browserstack.BrowserStackJavaAgent - SDK run started with id: 12f648a3-b527-4a48-a3d9-04c0f161522b
02:39:01.544 [main] INFO  c.b.config.BrowserStackConfig - INFO
02:39:03.821 [main] INFO  c.browserstack.BrowserStackJavaAgent - Project and debug logs are captured by default. To disable, set disableAutoCaptureLogs: true in config.
02:39:04.733 [main] INFO  com.browserstack.testOps.Listener - Testhub started with id: wkvdyoaye9bjgmejfp3peexfe13nvvpog7sz3s5f
02:39:04.733 [main] INFO  c.b.config.BrowserStackConfig - INFO
02:39:04.733 [main] INFO  c.browserstack.BrowserStackJavaAgent - Starting Percy......
02:39:05.042 [main] ERROR com.browserstack.PercyFactory - Initialization of percy failed java.lang.Exception: Could not get percy token.
02:42:11.250 [Thread-0] INFO  c.browserstack.utils.LogReportingAPI - Visit https://observability.browserstack.com/builds/wkvdyoaye9bjgmejfp3peexfe13nvvpog7sz3s5f to view build report, insights, and many more debugging information all at one place!

02:42:11.251 [Thread-0] INFO  c.b.config.BrowserStackConfig - INFO
02:42:13.147 [Thread-0] INFO  c.browserstack.utils.UtilityMethods - View build on BrowserStack dashboard: https://app-automate.browserstack.com/dashboard/v2/builds/e69a25605d060322489918b930786ebb5f5a7b51
02:42:13.148 [Thread-0] INFO  c.b.config.BrowserStackConfig - INFO
02:42:13.154 [Thread-0] INFO  c.browserstack.BrowserStackJavaAgent - SDK run ended for id: 12f648a3-b527-4a48-a3d9-04c0f161522b, testhub id: wkvdyoaye9bjgmejfp3peexfe13nvvpog7sz3s5f
02:42:13.154 [Thread-0] INFO  c.b.config.BrowserStackConfig - INFO
20:20:55.855 [main] INFO  c.browserstack.BrowserStackJavaAgent - Selenium version detected - 4.16.1
20:20:55.856 [main] INFO  c.browserstack.BrowserStackJavaAgent - Appium version detected - 9.0.0
20:20:56.145 [main] DEBUG c.b.config.BrowserStackConfig - Cli Config passed - {basedir=/Users/siddhirao/Documents/SidProjects/smartTV/browserstack-example-smartTV-appium-java, user.dir=/Users/siddhirao/Documents/SidProjects/smartTV/browserstack-example-smartTV-appium-java, localrepository=/Users/siddhirao/.m2/repository}
20:20:56.146 [main] INFO  c.browserstack.utils.UtilityMethods - BrowserStack Yml Detected : /Users/siddhirao/Documents/SidProjects/smartTV/browserstack-example-smartTV-appium-java/src/resources/conf/browserstack-amazonFireTV.yml
20:20:56.230 [main] INFO  c.b.config.BrowserStackConfig - Detected Framework testng
20:20:56.241 [main] INFO  c.b.config.BrowserStackConfig - Setting value of testObservability as specified in your browserstack.yml to true
20:20:56.778 [main] INFO  c.browserstack.BrowserStackJavaAgent - Using app: [bs://60900b07f2a370ebb40da7293ad873c4e96a2f97]
20:20:56.778 [main] INFO  c.browserstack.BrowserStackJavaAgent - Framework set to testng
20:20:56.788 [main] INFO  c.browserstack.BrowserStackJavaAgent - SDK run started with id: c59e190e-cdb4-4316-b51a-1579a07ba063
20:20:56.789 [main] INFO  c.b.config.BrowserStackConfig - INFO
20:20:59.668 [main] INFO  c.browserstack.BrowserStackJavaAgent - Project and debug logs are captured by default. To disable, set disableAutoCaptureLogs: true in config.
20:21:00.922 [main] INFO  com.browserstack.testOps.Listener - Testhub started with id: 9qvygaodovtgjjgbg6ujjxs7maff5fqctra7rpmy
20:21:00.922 [main] INFO  c.b.config.BrowserStackConfig - INFO
20:21:00.922 [main] INFO  c.browserstack.BrowserStackJavaAgent - Starting Percy......
20:21:01.460 [main] ERROR com.browserstack.PercyFactory - Initialization of percy failed java.lang.Exception: Could not get percy token.
20:21:09.917 [Thread-0] INFO  c.browserstack.utils.LogReportingAPI - Visit https://observability.browserstack.com/builds/9qvygaodovtgjjgbg6ujjxs7maff5fqctra7rpmy to view build report, insights, and many more debugging information all at one place!

20:21:09.917 [Thread-0] INFO  c.b.config.BrowserStackConfig - INFO
20:21:12.501 [Thread-0] INFO  c.browserstack.BrowserStackJavaAgent - SDK run ended for id: c59e190e-cdb4-4316-b51a-1579a07ba063, testhub id: 9qvygaodovtgjjgbg6ujjxs7maff5fqctra7rpmy
20:21:12.501 [Thread-0] INFO  c.b.config.BrowserStackConfig - INFO
20:26:17.724 [main] INFO  c.browserstack.BrowserStackJavaAgent - Selenium version detected - 4.16.1
20:26:17.726 [main] INFO  c.browserstack.BrowserStackJavaAgent - Appium version detected - 9.0.0
20:26:18.021 [main] DEBUG c.b.config.BrowserStackConfig - Cli Config passed - {basedir=/Users/siddhirao/Documents/SidProjects/smartTV/browserstack-example-smartTV-appium-java, user.dir=/Users/siddhirao/Documents/SidProjects/smartTV/browserstack-example-smartTV-appium-java, localrepository=/Users/siddhirao/.m2/repository}
20:26:18.022 [main] INFO  c.browserstack.utils.UtilityMethods - BrowserStack Yml Detected : /Users/siddhirao/Documents/SidProjects/smartTV/browserstack-example-smartTV-appium-java/src/resources/conf/browserstack-amazonFireTV.yml
20:26:18.109 [main] INFO  c.b.config.BrowserStackConfig - Detected Framework testng
20:26:18.125 [main] INFO  c.b.config.BrowserStackConfig - Setting value of testObservability as specified in your browserstack.yml to true
20:26:18.574 [main] INFO  c.browserstack.BrowserStackJavaAgent - Using app: [bs://60900b07f2a370ebb40da7293ad873c4e96a2f97]
20:26:18.574 [main] INFO  c.browserstack.BrowserStackJavaAgent - Framework set to testng
20:26:18.579 [main] INFO  c.browserstack.BrowserStackJavaAgent - SDK run started with id: 3a797232-853d-4d89-b57a-1c00d73657dd
20:26:18.579 [main] INFO  c.b.config.BrowserStackConfig - INFO
20:26:21.959 [main] INFO  c.browserstack.BrowserStackJavaAgent - Project and debug logs are captured by default. To disable, set disableAutoCaptureLogs: true in config.
20:26:23.329 [main] INFO  com.browserstack.testOps.Listener - Testhub started with id: hx9ff96l40ahqvz8qc8yzybxlfp366yjujhgayqv
20:26:23.329 [main] INFO  c.b.config.BrowserStackConfig - INFO
20:26:23.330 [main] INFO  c.browserstack.BrowserStackJavaAgent - Starting Percy......
20:26:23.698 [main] ERROR com.browserstack.PercyFactory - Initialization of percy failed java.lang.Exception: Could not get percy token.
20:29:57.338 [Thread-0] INFO  c.browserstack.utils.LogReportingAPI - Visit https://observability.browserstack.com/builds/hx9ff96l40ahqvz8qc8yzybxlfp366yjujhgayqv to view build report, insights, and many more debugging information all at one place!

20:29:57.340 [Thread-0] INFO  c.b.config.BrowserStackConfig - INFO
20:30:00.620 [Thread-0] INFO  c.browserstack.utils.UtilityMethods - View build on BrowserStack dashboard: https://app-automate.browserstack.com/dashboard/v2/builds/6fb7bf9374f508b45821784f1c361a843d5d47a7
20:30:00.623 [Thread-0] INFO  c.b.config.BrowserStackConfig - INFO
20:30:00.704 [Thread-0] INFO  c.browserstack.BrowserStackJavaAgent - SDK run ended for id: 3a797232-853d-4d89-b57a-1c00d73657dd, testhub id: hx9ff96l40ahqvz8qc8yzybxlfp366yjujhgayqv
20:30:00.705 [Thread-0] INFO  c.b.config.BrowserStackConfig - INFO
20:31:43.182 [main] INFO  c.browserstack.BrowserStackJavaAgent - Selenium version detected - 4.16.1
20:31:43.184 [main] INFO  c.browserstack.BrowserStackJavaAgent - Appium version detected - 9.0.0
20:31:43.537 [main] DEBUG c.b.config.BrowserStackConfig - Cli Config passed - {basedir=/Users/siddhirao/Documents/SidProjects/smartTV/browserstack-example-smartTV-appium-java, user.dir=/Users/siddhirao/Documents/SidProjects/smartTV/browserstack-example-smartTV-appium-java, localrepository=/Users/siddhirao/.m2/repository}
20:31:43.538 [main] INFO  c.browserstack.utils.UtilityMethods - BrowserStack Yml Detected : /Users/siddhirao/Documents/SidProjects/smartTV/browserstack-example-smartTV-appium-java/src/resources/conf/browserstack-amazonFireTV.yml
20:31:43.679 [main] INFO  c.b.config.BrowserStackConfig - Detected Framework testng
20:31:43.691 [main] INFO  c.b.config.BrowserStackConfig - Setting value of testObservability as specified in your browserstack.yml to true
20:31:44.238 [main] INFO  c.browserstack.BrowserStackJavaAgent - Using app: [bs://60900b07f2a370ebb40da7293ad873c4e96a2f97]
20:31:44.238 [main] INFO  c.browserstack.BrowserStackJavaAgent - Framework set to testng
20:31:44.242 [main] INFO  c.browserstack.BrowserStackJavaAgent - SDK run started with id: 6ae3453c-5ecb-44c5-ae22-c81aac34c4e5
20:31:44.242 [main] INFO  c.b.config.BrowserStackConfig - INFO
20:31:46.983 [main] INFO  c.browserstack.BrowserStackJavaAgent - Project and debug logs are captured by default. To disable, set disableAutoCaptureLogs: true in config.
20:31:48.343 [main] INFO  com.browserstack.testOps.Listener - Testhub started with id: 54cfamxwbsggsql4dbegfpmzkbiaduxgkowfn5b4
20:31:48.344 [main] INFO  c.b.config.BrowserStackConfig - INFO
20:31:48.344 [main] INFO  c.browserstack.BrowserStackJavaAgent - Starting Percy......
20:31:48.798 [main] ERROR com.browserstack.PercyFactory - Initialization of percy failed java.lang.Exception: Could not get percy token.
20:35:09.592 [Thread-0] INFO  c.browserstack.utils.LogReportingAPI - Visit https://observability.browserstack.com/builds/54cfamxwbsggsql4dbegfpmzkbiaduxgkowfn5b4 to view build report, insights, and many more debugging information all at one place!

20:35:09.593 [Thread-0] INFO  c.b.config.BrowserStackConfig - INFO
20:35:12.996 [Thread-0] INFO  c.browserstack.utils.UtilityMethods - View build on BrowserStack dashboard: https://app-automate.browserstack.com/dashboard/v2/builds/e962dfb61323e21f998108bd0f4ba87a196420c4
20:35:12.996 [Thread-0] INFO  c.b.config.BrowserStackConfig - INFO
20:35:13.023 [Thread-0] INFO  c.browserstack.BrowserStackJavaAgent - SDK run ended for id: 6ae3453c-5ecb-44c5-ae22-c81aac34c4e5, testhub id: 54cfamxwbsggsql4dbegfpmzkbiaduxgkowfn5b4
20:35:13.024 [Thread-0] INFO  c.b.config.BrowserStackConfig - INFO
02:23:35.916 [main] INFO  c.browserstack.BrowserStackJavaAgent - Selenium version detected - 4.16.1
02:23:35.916 [main] INFO  c.browserstack.BrowserStackJavaAgent - Appium version detected - 9.0.0
02:23:36.059 [main] DEBUG c.b.config.BrowserStackConfig - Cli Config passed - {basedir=/Users/siddhirao/Documents/SidProjects/smartTV/browserstack-example-smartTV-appium-java, user.dir=/Users/siddhirao/Documents/SidProjects/smartTV/browserstack-example-smartTV-appium-java, localrepository=/Users/siddhirao/.m2/repository}
02:23:36.059 [main] INFO  c.browserstack.utils.UtilityMethods - BrowserStack Yml Detected : /Users/siddhirao/Documents/SidProjects/smartTV/browserstack-example-smartTV-appium-java/src/resources/conf/browserstack-amazonFireTV.yml
02:23:36.112 [main] INFO  c.b.config.BrowserStackConfig - Detected Framework testng
02:23:36.120 [main] INFO  c.b.config.BrowserStackConfig - Setting value of testObservability as specified in your browserstack.yml to true
02:23:36.364 [main] INFO  c.browserstack.BrowserStackJavaAgent - Using app: [bs://60900b07f2a370ebb40da7293ad873c4e96a2f97]
02:23:36.364 [main] INFO  c.browserstack.BrowserStackJavaAgent - Framework set to testng
02:23:36.367 [main] INFO  c.browserstack.BrowserStackJavaAgent - SDK run started with id: 2470ae6c-64ac-4e57-b895-bdaf21f8af64
02:23:36.367 [main] INFO  c.b.config.BrowserStackConfig - INFO
02:23:38.766 [main] INFO  c.browserstack.BrowserStackJavaAgent - Project and debug logs are captured by default. To disable, set disableAutoCaptureLogs: true in config.
02:23:39.796 [main] INFO  com.browserstack.testOps.Listener - Testhub started with id: 0kdb1s06lvb2omu8i2qtmnolgg9iomiwhkddhhb7
02:23:39.796 [main] INFO  c.b.config.BrowserStackConfig - INFO
02:23:39.796 [main] INFO  c.browserstack.BrowserStackJavaAgent - Starting Percy......
02:23:40.666 [main] ERROR com.browserstack.PercyFactory - Initialization of percy failed java.lang.Exception: Could not get percy token.
02:27:11.421 [Thread-0] INFO  c.browserstack.utils.LogReportingAPI - Visit https://observability.browserstack.com/builds/0kdb1s06lvb2omu8i2qtmnolgg9iomiwhkddhhb7 to view build report, insights, and many more debugging information all at one place!

02:27:11.422 [Thread-0] INFO  c.b.config.BrowserStackConfig - INFO
02:27:13.280 [Thread-0] INFO  c.browserstack.utils.UtilityMethods - View build on BrowserStack dashboard: https://app-automate.browserstack.com/dashboard/v2/builds/e834dfe0e1c47964f1723b877dff331824b090bd
02:27:13.281 [Thread-0] INFO  c.b.config.BrowserStackConfig - INFO
02:27:13.286 [Thread-0] INFO  c.browserstack.BrowserStackJavaAgent - SDK run ended for id: 2470ae6c-64ac-4e57-b895-bdaf21f8af64, testhub id: 0kdb1s06lvb2omu8i2qtmnolgg9iomiwhkddhhb7
02:27:13.286 [Thread-0] INFO  c.b.config.BrowserStackConfig - INFO
03:10:56.474 [main] INFO  c.browserstack.BrowserStackJavaAgent - Selenium version detected - 4.16.1
03:10:56.474 [main] INFO  c.browserstack.BrowserStackJavaAgent - Appium version detected - 9.0.0
03:10:56.554 [main] DEBUG c.b.config.BrowserStackConfig - Cli Config passed - {basedir=/Users/siddhirao/Documents/SidProjects/smartTV/browserstack-example-smartTV-appium-java, user.dir=/Users/siddhirao/Documents/SidProjects/smartTV/browserstack-example-smartTV-appium-java, localrepository=/Users/siddhirao/.m2/repository}
03:10:56.555 [main] INFO  c.browserstack.utils.UtilityMethods - BrowserStack Yml Detected : /Users/siddhirao/Documents/SidProjects/smartTV/browserstack-example-smartTV-appium-java/src/resources/conf/browserstack-amazonFireTV.yml
03:10:56.581 [main] INFO  c.b.config.BrowserStackConfig - Detected Framework testng
03:10:56.584 [main] INFO  c.b.config.BrowserStackConfig - Setting value of testObservability as specified in your browserstack.yml to true
03:10:56.709 [main] INFO  c.browserstack.BrowserStackJavaAgent - Using app: [bs://60900b07f2a370ebb40da7293ad873c4e96a2f97]
03:10:56.709 [main] INFO  c.browserstack.BrowserStackJavaAgent - Framework set to testng
03:10:56.711 [main] INFO  c.browserstack.BrowserStackJavaAgent - SDK run started with id: bc5d2789-3e4f-4d2e-9a14-0c13c2d5365d
03:10:56.711 [main] INFO  c.b.config.BrowserStackConfig - INFO
03:10:59.065 [main] INFO  c.browserstack.BrowserStackJavaAgent - Project and debug logs are captured by default. To disable, set disableAutoCaptureLogs: true in config.
03:11:00.233 [main] INFO  com.browserstack.testOps.Listener - Testhub started with id: ub2pguckflaytiuwpqppm0auvcsdspzh4fplg7kj
03:11:00.233 [main] INFO  c.b.config.BrowserStackConfig - INFO
03:11:00.234 [main] INFO  c.browserstack.BrowserStackJavaAgent - Starting Percy......
03:11:00.535 [main] ERROR com.browserstack.PercyFactory - Initialization of percy failed java.lang.Exception: Could not get percy token.
03:14:26.963 [Thread-0] INFO  c.browserstack.utils.LogReportingAPI - Visit https://observability.browserstack.com/builds/ub2pguckflaytiuwpqppm0auvcsdspzh4fplg7kj to view build report, insights, and many more debugging information all at one place!

03:14:26.963 [Thread-0] INFO  c.b.config.BrowserStackConfig - INFO
03:14:28.521 [Thread-0] INFO  c.browserstack.utils.UtilityMethods - View build on BrowserStack dashboard: https://app-automate.browserstack.com/dashboard/v2/builds/075bda43b20fa80ddc6edcde95992d25f3ad4d10
03:14:28.522 [Thread-0] INFO  c.b.config.BrowserStackConfig - INFO
03:14:28.528 [Thread-0] INFO  c.browserstack.BrowserStackJavaAgent - SDK run ended for id: bc5d2789-3e4f-4d2e-9a14-0c13c2d5365d, testhub id: ub2pguckflaytiuwpqppm0auvcsdspzh4fplg7kj
03:14:28.528 [Thread-0] INFO  c.b.config.BrowserStackConfig - INFO
